Status,Date,Description,Debit,Credit,Member Name
Cleared,04/26/2021,"PAYMENT THANK YOU",,-440.00,WILLIAM E SCHILL
Cleared,04/21/2021,"SQ *SPROUT CENTER F 877-417-4551 PA",25.00,,WILLIAM E SCHILL
Cleared,04/20/2021,"VIOC 060069 PITTSBURGH PA",114.46,,WILLIAM E SCHILL
Cleared,04/17/2021,"COSTCO WHSE #0649 WEST HOMESTEAPA",194.87,,WILLIAM E SCHILL
Cleared,04/17/2021,"COSTCO GAS #0649 WEST HOMESTEAPA",23.58,,WILLIAM E SCHILL
Cleared,04/17/2021,"GOMOBILEPGH 1 www.parkmobilPA",1.58,,WILLIAM E SCHILL
Cleared,04/16/2021,"GoFndMe* The Daunte WrighRedwood City CA",22.50,,WILLIAM E SCHILL
Cleared,04/16/2021,"ONLINE PAYMENT, THANK YOU",,-483.80,WILLIAM E SCHILL
Cleared,04/15/2021,"AIRBNB HMFNEXPBFS AIRBNB.COM CA",595.83,,JODIE M LYNN-SCHILL
Cleared,04/15/2021,"AIRBNB HMSAAB2AER AIRBNB.COM CA",203.27,,JODIE M LYNN-SCHILL
Cleared,04/15/2021,"GOMOBILEPGH 1 www.parkmobilPA",1.08,,WILLIAM E SCHILL
Cleared,04/14/2021,"IRON CITY BOULDERS PITTSBURGH PA",140.00,,WILLIAM E SCHILL
Cleared,04/14/2021,"GOOGLE* Google Storage 650-2530000 CA",1.99,,WILLIAM E SCHILL
Cleared,04/13/2021,"GOMOBILEPGH 1 www.parkmobilPA",1.08,,WILLIAM E SCHILL
Cleared,04/11/2021,"SHEETZ 0635 00006353 STATE COLLEGEPA",17.20,,WILLIAM E SCHILL
Cleared,04/11/2021,"TST* WILDERNESS LODGE MILROY PA",120.87,,WILLIAM E SCHILL
Cleared,04/09/2021,"COSTCO GAS #0649 WEST HOMESTEAPA",34.87,,JODIE M LYNN-SCHILL
Cleared,04/09/2021,"AMZN Mktp US*D614S21C3 Amzn.com/billWA",10.59,,WILLIAM E SCHILL
Cleared,04/09/2021,"SHEETZ 0531 00005314 ALTOONA PA",29.15,,WILLIAM E SCHILL
Cleared,04/09/2021,"SHEETZ 0531 00005314 ALTOONA PA",6.22,,WILLIAM E SCHILL
Cleared,04/08/2021,"FEDERAL GALLEY PITTSBURGH PA",44.99,,WILLIAM E SCHILL
Cleared,04/08/2021,"SHAKA RESTAURANT LLC PITTSBURGH PA",22.86,,WILLIAM E SCHILL
Cleared,04/07/2021,"ONLINE PAYMENT, THANK YOU",,-140.00,JODIE M LYNN-SCHILL
Cleared,04/06/2021,"WM SUPERCENTER #1739 WASHINGTON PA",16.31,,WILLIAM E SCHILL
Cleared,04/05/2021,"COSTCO WHSE #0649 WEST HOMESTEAPA",200.44,,WILLIAM E SCHILL
Cleared,04/05/2021,"SAVE-MOR BEER & POP WA 412-4218550 PA",45.98,,WILLIAM E SCHILL
Cleared,04/03/2021,"GOMOBILEPGH 1 www.parkmobilPA",1.58,,WILLIAM E SCHILL
Cleared,04/03/2021,"SHEETZ 0379 00003798 MOON TOWNSHIPPA",32.20,,WILLIAM E SCHILL
Cleared,04/02/2021,"EB SICK OF IT ALL AMP 801-413-7200 CA",,-90.09,WILLIAM E SCHILL
Cleared,04/02/2021,"GoFndMe* Help Lady and heRedwood City CA",22.50,,WILLIAM E SCHILL
Cleared,04/02/2021,"ONLINE PAYMENT, THANK YOU",,-669.60,WILLIAM E SCHILL
Cleared,04/01/2021,"CITY OF BRIDGES CHIROPRA 724-448-5710 PA",52.75,,WILLIAM E SCHILL
Cleared,04/01/2021,"GOMOBILEPGH 1 www.parkmobilPA",1.08,,WILLIAM E SCHILL
Cleared,03/31/2021,"GOOGLE*LIFESUM 650-2530000 CA",51.23,,WILLIAM E SCHILL
Cleared,03/31/2021,"AMZN Mktp US*OL78G0KW3 Amzn.com/billWA",21.63,,WILLIAM E SCHILL
Cleared,03/31/2021,"GOMOBILEPGH 4 www.parkmobilPA",0.58,,WILLIAM E SCHILL
Cleared,03/31/2021,"GOMOBILEPGH 4 www.parkmobilPA",0.33,,WILLIAM E SCHILL
Cleared,03/31/2021,"GOMOBILEPGH 4 www.parkmobilPA",0.25,,WILLIAM E SCHILL
Cleared,03/30/2021,"GOMOBILEPGH 1 www.parkmobilPA",1.33,,WILLIAM E SCHILL
Cleared,03/28/2021,"GOOGLE*GOOGLE FI SUPPORT.GOOGLCA",46.99,,WILLIAM E SCHILL
Cleared,03/28/2021,"GOOGLE *A Medium Corp 855-836-3987 CA",5.34,,WILLIAM E SCHILL
Cleared,03/27/2021,"WATER - COFFEE DELIVERY 800-4928377 GA",44.40,,WILLIAM E SCHILL
Cleared,03/27/2021,"GUAPO PITTSBURGH PA",23.18,,WILLIAM E SCHILL
Cleared,03/27/2021,"SHAKA RESTAURANT LLC PITTSBURGH PA",21.96,,WILLIAM E SCHILL
Cleared,03/25/2021,"IN *WIN-WIN KUNG FU CULTU724-7990111 PA",180.00,,JODIE M LYNN-SCHILL
Cleared,03/23/2021,"IRON CITY BOULDERS PITTSBURGH PA",22.35,,WILLIAM E SCHILL
Cleared,03/22/2021,"ONLINE PAYMENT, THANK YOU",,-609.78,WILLIAM E SCHILL
Cleared,03/22/2021,"LOWES #00780* MUNHALL PA",41.95,,WILLIAM E SCHILL
Cleared,03/22/2021,"COSTCO GAS #0649 WEST HOMESTEAPA",15.21,,WILLIAM E SCHILL
Cleared,03/22/2021,"COSTCO WHSE #0649 WEST HOMESTEAPA",128.90,,WILLIAM E SCHILL
Cleared,03/21/2021,"TST* FUNK BREWING - EMMAUEMMAUS PA",60.00,,WILLIAM E SCHILL
Cleared,03/21/2021,"SHEETZ 0635 00006353 STATE COLLEGEPA",30.68,,WILLIAM E SCHILL
Cleared,03/19/2021,"SHEETZ 0531 00005314 ALTOONA PA",4.23,,WILLIAM E SCHILL
Cleared,03/19/2021,"SHEETZ 0531 00005314 ALTOONA PA",20.29,,WILLIAM E SCHILL
Cleared,03/14/2021,"GOOGLE *Google Storage 855-836-3987 CA",1.99,,WILLIAM E SCHILL
Cleared,03/14/2021,"COSTCO WHSE #0649 WEST HOMESTEAPA",3.20,,JODIE M LYNN-SCHILL
Cleared,03/14/2021,"COSTCO GAS #0649 WEST HOMESTEAPA",29.28,,JODIE M LYNN-SCHILL
Cleared,03/14/2021,"COSTCO WHSE #0649 WEST HOMESTEAPA",105.60,,JODIE M LYNN-SCHILL
Cleared,03/13/2021,"FAT HEADS SALOON PITTSBURGH PA",33.51,,WILLIAM E SCHILL
Cleared,03/13/2021,"0900 BEEFJERKYOUTLET WASHINGTON PA",17.99,,WILLIAM E SCHILL
Cleared,03/13/2021,"SQ *SPROUT CENTER FOR EMOPittsburgh PA",25.00,,WILLIAM E SCHILL
Cleared,03/13/2021,"SQ *ACROSPIRE BREWING COMGlenshaw PA",114.00,,WILLIAM E SCHILL
Cleared,03/10/2021,"FEDERAL GALLEY PITTSBURGH PA",30.00,,WILLIAM E SCHILL
Cleared,03/08/2021,"ONLINE PAYMENT, THANK YOU",,-585.44,WILLIAM E SCHILL
Cleared,03/08/2021,"COSTCO GAS #0649 WEST HOMESTEAPA",15.99,,WILLIAM E SCHILL
Cleared,03/08/2021,"COSTCO WHSE #0649 WEST HOMESTEAPA",192.56,,WILLIAM E SCHILL
Cleared,03/07/2021,"SHEETZ 0387 00003871 CAMBRIDGE OH",18.87,,WILLIAM E SCHILL
Cleared,03/04/2021,"SHEETZ 0387 00003871 CAMBRIDGE OH",4.29,,WILLIAM E SCHILL
Cleared,03/04/2021,"SHEETZ 0387 00003871 CAMBRIDGE OH",17.50,,WILLIAM E SCHILL
Cleared,03/01/2021,"CITY OF BRIDGES CHIROPRA 724-448-5710 PA",52.75,,WILLIAM E SCHILL
Cleared,02/28/2021,"GOOGLE*GOOGLE FI INTERNET CA",44.59,,WILLIAM E SCHILL
Cleared,02/28/2021,"MERCHANT OYSTER CO PITTSBURGH PA",74.00,,WILLIAM E SCHILL
Cleared,02/28/2021,"GOOGLE *A Medium Corp 855-836-3987 CA",5.34,,WILLIAM E SCHILL
Cleared,02/28/2021,"ONLINE PAYMENT, THANK YOU",,-35.00,JODIE M LYNN-SCHILL
Cleared,02/27/2021,"KUHN'S BELLEVUE PITTSBURGH PA",53.83,,WILLIAM E SCHILL
Cleared,02/27/2021,"WATER - COFFEE DELIVERY 800-4928377 GA",44.40,,WILLIAM E SCHILL
Cleared,02/23/2021,"HRB ONLINE TAX PRODUCT 800-472-5625 MO",93.07,,WILLIAM E SCHILL
Cleared,02/21/2021,"COSTCO GAS #0649 WEST HOMESTEAPA",24.67,,WILLIAM E SCHILL
Cleared,02/21/2021,"COSTCO WHSE #0649 WEST HOMESTEAPA",135.88,,WILLIAM E SCHILL
Cleared,02/20/2021,"SQ *SPROUT CENTER FOR EMOPittsburgh PA",25.00,,WILLIAM E SCHILL
Cleared,02/20/2021,"SAUCE POT. CORAOPOLIS PA",66.91,,WILLIAM E SCHILL
Cleared,02/19/2021,"ONLINE PAYMENT, THANK YOU",,-364.18,WILLIAM E SCHILL
Cleared,02/16/2021,"BM MANDARIN GOURMET 630-776-3590 IL",45.02,,WILLIAM E SCHILL
Cleared,02/14/2021,"COSTCO GAS #0649 WEST HOMESTEAPA",33.25,,JODIE M LYNN-SCHILL
Cleared,02/13/2021,"GOOGLE*GOOGLE STORAGE INTERNET CA",1.99,,WILLIAM E SCHILL
Cleared,02/13/2021,"MARKET DISTRICT #0047 PITTSBURGH PA",86.36,,WILLIAM E SCHILL
Cleared,02/10/2021,"ONLINE PAYMENT, THANK YOU",,-240.00,JODIE M LYNN-SCHILL
Cleared,02/07/2021,"COSTCO GAS #0649 WEST HOMESTEAPA",19.31,,WILLIAM E SCHILL
Cleared,02/07/2021,"COSTCO WHSE #0649 WEST HOMESTEAPA",249.06,,WILLIAM E SCHILL
Cleared,02/06/2021,"SQ *SPROUT CENTER FOR EMOPittsburgh PA",25.00,,WILLIAM E SCHILL
Cleared,02/05/2021,"ONLINE PAYMENT, THANK YOU",,-458.75,WILLIAM E SCHILL
Cleared,02/05/2021,"MAGIC ICE USA INC 412-394-3641 PA",51.50,,WILLIAM E SCHILL
Cleared,02/04/2021,"BLUE DUST HOMESTEAD PA",92.69,,WILLIAM E SCHILL
Cleared,02/01/2021,"CITY OF BRIDGES CHIROPRA 724-448-5710 PA",52.75,,WILLIAM E SCHILL
Cleared,01/30/2021,"WATER - COFFEE DELIVERY 800-4928377 GA",44.40,,WILLIAM E SCHILL
Cleared,01/29/2021,"GOOGLE *A Medium Corp 855-836-3987 CA",5.34,,WILLIAM E SCHILL
Cleared,01/28/2021,"GOOGLE* Google Fi 650-2530000 CA",51.20,,WILLIAM E SCHILL
Cleared,01/28/2021,"BOOMERANGCOMANNUAL BOOMERANG.COMGA",39.99,,WILLIAM E SCHILL
Cleared,01/25/2021,"ONLINE PAYMENT, THANK YOU",,-654.97,WILLIAM E SCHILL
Cleared,01/24/2021,"COSTCO GAS #0649 WEST HOMESTEAPA",20.36,,WILLIAM E SCHILL
Cleared,01/24/2021,"COSTCO WHSE #0649 WEST HOMESTEAPA",178.00,,WILLIAM E SCHILL
Cleared,01/24/2021,"SAVE-MOR BEER & POP WA 412-4218550 PA",41.71,,WILLIAM E SCHILL
Cleared,01/23/2021,"SQ *SPROUT CENTER FOR EMOPittsburgh PA",25.00,,WILLIAM E SCHILL
Cleared,01/20/2021,"ONLINE PAYMENT, THANK YOU",,-1000.00,WILLIAM E SCHILL
Cleared,01/20/2021,"CITY OF BRIDGES CHIROPRA 7244485710 PA",5.00,,WILLIAM E SCHILL
Cleared,01/19/2021,"BLUE DUST HOMESTEAD PA",17.49,,JODIE M LYNN-SCHILL
Cleared,01/18/2021,"COUNTRY FAIR, INC. #69 KANE PA",27.96,,WILLIAM E SCHILL
Cleared,01/16/2021,"TOPS MARKETS #672 KANE PA",121.24,,WILLIAM E SCHILL
Cleared,01/16/2021,"SUNOCO 0457555101 PITTSBURGH PA",33.45,,JODIE M LYNN-SCHILL
Cleared,01/14/2021,"KANE BEER KANE PA",22.00,,WILLIAM E SCHILL
Cleared,01/14/2021,"GOOGLE *Google Storage 855-836-3987 CA",1.99,,WILLIAM E SCHILL
Cleared,01/12/2021,"N STUFF RETAIL PITTSBURGH PA",720.18,,WILLIAM E SCHILL
Cleared,01/12/2021,"COSTCO GAS #0649 WEST HOMESTEAPA",13.64,,WILLIAM E SCHILL
Cleared,01/12/2021,"COSTCO WHSE #0649 WEST HOMESTEAPA",129.55,,WILLIAM E SCHILL
Cleared,01/11/2021,"SAVE-MOR BEER & POP WA 412-4218550 PA",16.04,,WILLIAM E SCHILL
Cleared,01/11/2021,"AMZN Mktp US*PX31N1D13 Amzn.com/billWA",20.13,,WILLIAM E SCHILL
Cleared,01/09/2021,"AMZN Mktp US*AA0TH3NP3 Amzn.com/billWA",20.13,,WILLIAM E SCHILL
Cleared,01/05/2021,"AMZN Mktp US*096ZC42X3 Amzn.com/billWA",26.49,,WILLIAM E SCHILL
Cleared,01/05/2021,"COSTCO WHSE #0649 WEST HOMESTEAPA",111.79,,JODIE M LYNN-SCHILL
Cleared,01/03/2021,"COSTCO WHSE #0649 WEST HOMESTEAPA",76.06,,JODIE M LYNN-SCHILL
Cleared,01/02/2021,"COSTCO GAS #0649 WEST HOMESTEAPA",25.02,,WILLIAM E SCHILL
Cleared,01/02/2021,"WATER - COFFEE DELIVERY 800-4928377 GA",59.38,,WILLIAM E SCHILL
Cleared,01/01/2021,"CITY OF BRIDGES CHIROPRA 724-448-5710 PA",52.75,,WILLIAM E SCHILL
Cleared,12/30/2020,"AMZ*Woot LLC info@woot.comTX",11.65,,WILLIAM E SCHILL
Cleared,12/29/2020,"SP * NAKED NUTRITION 8774325068 FL",73.98,,WILLIAM E SCHILL
Cleared,12/28/2020,"GOOGLE*A MEDIUM CORP INTERNET CA",5.34,,WILLIAM E SCHILL
Cleared,12/28/2020,"GOOGLE* Google Fi 650-2530000 CA",47.83,,WILLIAM E SCHILL
Cleared,12/27/2020,"NINTENDO *AMERICAUS 800-255-3700 WA",8.47,,WILLIAM E SCHILL
Cleared,12/27/2020,"ONLINE PAYMENT, THANK YOU",,-142.98,JODIE M LYNN-SCHILL
Cleared,12/26/2020,"Prime Video*A383L5EY3 888-802-3080 WA",7.41,,WILLIAM E SCHILL
Cleared,12/24/2020,"ONLINE PAYMENT, THANK YOU",,-1800.00,WILLIAM E SCHILL
Cleared,12/23/2020,"DOLLAR GENERAL #19008 PITTSBURGH PA",27.67,,WILLIAM E SCHILL
Cleared,12/22/2020,"SUBARU OF MOON TOWNSHIP MOON TOWNSHIPPA",952.77,,WILLIAM E SCHILL
Cleared,12/22/2020,"COSTCO WHSE #0649 WEST HOMESTEAPA",145.60,,JODIE M LYNN-SCHILL
Cleared,12/21/2020,"AMZN MKTP US*8Z9BK3KU3 AMAMZN.COM/BILLWA",19.07,,WILLIAM E SCHILL
Cleared,12/20/2020,"GIANT-EAGLE #6379 HOMESTEAD PA",104.89,,WILLIAM E SCHILL
Cleared,12/20/2020,"COSTCO GAS #0649 WEST HOMESTEAPA",9.97,,WILLIAM E SCHILL
Cleared,12/20/2020,"COSTCO WHSE #0649 WEST HOMESTEAPA",87.32,,WILLIAM E SCHILL
Cleared,12/19/2020,"SQ *BADAMO'S PIZZA NORTHSgosq.com PA",43.13,,WILLIAM E SCHILL
Cleared,12/19/2020,"COSTCO WHSE #0649 WEST HOMESTEAPA",77.13,,JODIE M LYNN-SCHILL
Cleared,12/18/2020,"ONLINE PAYMENT, THANK YOU",,-638.00,JODIE M LYNN-SCHILL
Cleared,12/17/2020,"GOOGLE *darken apps 855-836-3987 CA",2.66,,WILLIAM E SCHILL
Cleared,12/14/2020,"GOOGLE*GOOGLE STORAGE INTERNET CA",1.99,,WILLIAM E SCHILL
Cleared,12/11/2020,"ONLINE PAYMENT, THANK YOU",,-1000.00,WILLIAM E SCHILL
Cleared,12/11/2020,"COSTCO GAS #0649 WEST HOMESTEAPA",12.27,,WILLIAM E SCHILL
Cleared,12/11/2020,"COSTCO WHSE #0649 WEST HOMESTEAPA",253.49,,WILLIAM E SCHILL
Cleared,12/07/2020,"AMZN Mktp US*DN3OL0ZW3 Amzn.com/billWA",156.87,,WILLIAM E SCHILL
Cleared,12/06/2020,"TARGET 00012534 HOMESTEAD PA",423.21,,WILLIAM E SCHILL
Cleared,12/06/2020,"AMZN MKTP US*LQ2WP4EL3 AMAMZN.COM/BILLWA",93.37,,WILLIAM E SCHILL
Cleared,12/06/2020,"STARBUCKS 800-782-7282 800-782-7282 WA",10.00,,WILLIAM E SCHILL
Cleared,12/05/2020,"WATER - COFFEE DELIVERY 800-4928377 GA",51.89,,WILLIAM E SCHILL
Cleared,12/03/2020,"COSTCO GAS #0649 WEST HOMESTEAPA",25.30,,JODIE M LYNN-SCHILL
Cleared,12/01/2020,"412 FOOD RESCUE INC. customersuccePA",10.84,,WILLIAM E SCHILL
Cleared,12/01/2020,"CITY OF BRIDGES CHIROPRA 724-448-5710 PA",52.75,,WILLIAM E SCHILL
Cleared,11/28/2020,"GOOGLE*A MEDIUM CORP INTERNET CA",5.34,,WILLIAM E SCHILL
Cleared,11/28/2020,"GOOGLE*GOOGLE FI INTERNET CA",55.70,,WILLIAM E SCHILL
Cleared,11/28/2020,"COSTCO GAS #0332 PITTSBURGH PA",9.78,,WILLIAM E SCHILL
Cleared,11/28/2020,"COSTCO WHSE #0332 PITTSBURGH PA",325.70,,WILLIAM E SCHILL
Cleared,11/28/2020,"SILVER SHINE CAR WASH MCKEES ROCKS PA",10.00,,WILLIAM E SCHILL
Cleared,11/27/2020,"ONLINE PAYMENT, THANK YOU",,-700.00,WILLIAM E SCHILL
Cleared,11/27/2020,"AMAZON.COM*0O99L13G3 AMZNAMZN.COM/BILLWA",47.68,,WILLIAM E SCHILL
Cleared,11/25/2020,"COSTCO GAS #0649 WEST HOMESTEAPA",18.81,,JODIE M LYNN-SCHILL
Cleared,11/25/2020,"COSTCO WHSE #0649 WEST HOMESTEAPA",25.97,,JODIE M LYNN-SCHILL
Cleared,11/25/2020,"AMZN Mktp US*MW75U3VI3 Amzn.com/billWA",84.64,,WILLIAM E SCHILL
Cleared,11/24/2020,"AMZN Mktp US*5L6Y318A3 Amzn.com/billWA",16.61,,WILLIAM E SCHILL
Cleared,11/22/2020,"COSTCO WHSE #0649 WEST HOMESTEAPA",493.67,,JODIE M LYNN-SCHILL
Cleared,11/19/2020,"COSTCO GAS #0649 WEST HOMESTEAPA",10.76,,WILLIAM E SCHILL
Cleared,11/19/2020,"COSTCO WHSE #0649 WEST HOMESTEAPA",183.04,,WILLIAM E SCHILL
Cleared,11/17/2020,"Etsy.com - Multiple Shops718-8557955 NY",109.11,,WILLIAM E SCHILL
Cleared,11/14/2020,"GOOGLE*GOOGLE STORAGE INTERNET CA",1.99,,WILLIAM E SCHILL
Cleared,11/13/2020,"ONLINE PAYMENT, THANK YOU",,-500.00,WILLIAM E SCHILL
Cleared,11/13/2020,"AMAZON.COM*208GO1ZI0 AMZNAMZN.COM/BILLWA",22.70,,WILLIAM E SCHILL
Cleared,11/09/2020,"COSTCO GAS #0649 WEST HOMESTEAPA",18.05,,JODIE M LYNN-SCHILL
Cleared,11/09/2020,"COSTCO WHSE #0649 WEST HOMESTEAPA",125.31,,JODIE M LYNN-SCHILL
Cleared,11/07/2020,"WATER - COFFEE DELIVERY 800-4928377 GA",44.40,,WILLIAM E SCHILL
Cleared,11/06/2020,"TARGET 00012534 HOMESTEAD PA",135.22,,WILLIAM E SCHILL
Cleared,11/06/2020,"COSTCO GAS #0649 WEST HOMESTEAPA",16.17,,WILLIAM E SCHILL
Cleared,11/06/2020,"COSTCO WHSE #0649 WEST HOMESTEAPA",257.99,,WILLIAM E SCHILL
Cleared,11/06/2020,"WINE AND SPIRITS 0245 HOMESTEAD PA",115.54,,WILLIAM E SCHILL
Cleared,11/05/2020,"AMZN Mktp US*285ZO3H30 Amzn.com/billWA",28.86,,WILLIAM E SCHILL
Cleared,11/02/2020,"ONLINE PAYMENT, THANK YOU",,-426.56,WILLIAM E SCHILL
Cleared,11/02/2020,"PARKING IN PITTSBURGH 4 PITTSBURGH PA",3.00,,WILLIAM E SCHILL
Cleared,11/01/2020,"CITY OF BRIDGES CHIROPRA 724-448-5710 PA",52.75,,WILLIAM E SCHILL
Cleared,10/31/2020,"ONLINE PAYMENT, THANK YOU",,-720.00,JODIE M LYNN-SCHILL
Cleared,10/28/2020,"GOOGLE*A MEDIUM CORP INTERNET CA",5.34,,WILLIAM E SCHILL
Cleared,10/28/2020,"GOOGLE *Google Fi g.co/helppay#CA",66.58,,WILLIAM E SCHILL
Cleared,10/24/2020,"COSTCO WHSE #0649 WEST HOMESTEAPA",142.05,,WILLIAM E SCHILL
Cleared,10/24/2020,"SAVE-MOR BEER & POP WARE PITTSBURGH PA",10.69,,WILLIAM E SCHILL
Cleared,10/23/2020,"GUAPO PITTSBURGH PA",21.96,,WILLIAM E SCHILL
Cleared,10/23/2020,"COSTCO GAS #0649 WEST HOMESTEAPA",27.73,,JODIE M LYNN-SCHILL
Cleared,10/18/2020,"COSTCO GAS #0649 WEST HOMESTEAPA",23.82,,WILLIAM E SCHILL
Cleared,10/18/2020,"COSTCO WHSE #0649 WEST HOMESTEAPA",42.34,,WILLIAM E SCHILL
Cleared,10/18/2020,"COSTCO WHSE #0649 WEST HOMESTEAPA",94.34,,JODIE M LYNN-SCHILL
Cleared,10/17/2020,"ONLINE PAYMENT, THANK YOU",,-400.00,WILLIAM E SCHILL
Cleared,10/17/2020,"STARBUCKS 800-782-7282 800-782-7282 WA",10.00,,WILLIAM E SCHILL
Cleared,10/13/2020,"GOOGLE*GOOGLE STORAGE INTERNET CA",1.99,,WILLIAM E SCHILL
Cleared,10/13/2020,"COSTCO WHSE #0649 WEST HOMESTEAPA",,-42.78,JODIE M LYNN-SCHILL
Cleared,10/10/2020,"WATER - COFFEE DELIVERY 800-4928377 GA",36.91,,WILLIAM E SCHILL
Cleared,10/09/2020,"COSTCO WHSE #0332 PITTSBURGH PA",,-16.61,WILLIAM E SCHILL
Cleared,10/09/2020,"COSTCO WHSE #0332 PITTSBURGH PA",16.61,,WILLIAM E SCHILL
Cleared,10/09/2020,"COSTCO WHSE #0332 PITTSBURGH PA",158.30,,WILLIAM E SCHILL
Cleared,10/09/2020,"Amazon.com*MK44X0D51 Amzn.com/billWA",52.94,,WILLIAM E SCHILL
Cleared,10/05/2020,"ONLINE PAYMENT, THANK YOU",,-175.00,JODIE M LYNN-SCHILL
Cleared,10/05/2020,"COSTCO WHSE #0649 WEST HOMESTEAPA",280.75,,JODIE M LYNN-SCHILL
Cleared,10/02/2020,"ONLINE PAYMENT, THANK YOU",,-700.00,WILLIAM E SCHILL
Cleared,10/02/2020,"AMZN MKTP US*MK4BD6FH0 AMAMZN.COM/BILLWA",153.46,,WILLIAM E SCHILL
Cleared,10/01/2020,"CITY OF BRIDGES CHIROPRA 724-448-5710 PA",52.75,,WILLIAM E SCHILL
Cleared,09/29/2020,"GOOGLE *A Medium Corp 855-836-3987 CA",5.34,,WILLIAM E SCHILL
Cleared,09/28/2020,"GOOGLE*GOOGLE FI INTERNET CA",91.82,,WILLIAM E SCHILL
Cleared,09/27/2020,"TARGET 00012534 HOMESTEAD PA",21.91,,WILLIAM E SCHILL
Cleared,09/27/2020,"COSTCO GAS #0649 WEST HOMESTEAPA",10.18,,WILLIAM E SCHILL
Cleared,09/27/2020,"COSTCO WHSE #0649 WEST HOMESTEAPA",166.36,,WILLIAM E SCHILL
Cleared,09/27/2020,"COSTCO GAS #0649 WEST HOMESTEAPA",27.52,,JODIE M LYNN-SCHILL
Cleared,09/26/2020,"STITCH FIX, INC. 844-386-3850 CA",124.00,,JODIE M LYNN-SCHILL
Cleared,09/26/2020,"STITCH FIX, INC. 844-386-3850 CA",164.50,,JODIE M LYNN-SCHILL
Cleared,09/19/2020,"SUNOCO 0528273600 BELLEVUE PA",25.90,,WILLIAM E SCHILL
Cleared,09/17/2020,"AMZN Mktp US*M42JF6NY2 Amzn.com/billWA",20.30,,WILLIAM E SCHILL
Cleared,09/17/2020,"AMZN Mktp US*M47YU7G71 Amzn.com/billWA",3.61,,WILLIAM E SCHILL
Cleared,09/17/2020,"COSTCO GAS #0649 WEST HOMESTEAPA",23.99,,JODIE M LYNN-SCHILL
Cleared,09/15/2020,"AMZN Mktp US*MU89T3730 Amzn.com/billWA",37.04,,WILLIAM E SCHILL
Cleared,09/14/2020,"GOOGLE *Google Storage 855-836-3987 CA",1.99,,WILLIAM E SCHILL
Cleared,09/14/2020,"ALDI 69097 HOMESTEAD PA",53.73,,JODIE M LYNN-SCHILL
Cleared,09/13/2020,"SHEETZ 0434 00004341 BERWICK PA",31.10,,JODIE M LYNN-SCHILL
Cleared,09/12/2020,"Amazon Prime*MU2J75UA2 Amzn.com/billWA",126.14,,WILLIAM E SCHILL
Cleared,09/12/2020,"WATER - COFFEE DELIVERY 800-4928377 GA",66.87,,WILLIAM E SCHILL
Cleared,09/12/2020,"STITCH FIX STYLING 844-386-3850 CA",20.00,,JODIE M LYNN-SCHILL
Cleared,09/11/2020,"ONLINE PAYMENT, THANK YOU",,-600.00,WILLIAM E SCHILL
Cleared,09/09/2020,"EL CAMPESINO 412-7799131 PA",65.14,,WILLIAM E SCHILL
Cleared,09/09/2020,"COSTCO GAS #0649 WEST HOMESTEAPA",16.01,,WILLIAM E SCHILL
Cleared,09/09/2020,"COSTCO WHSE #0649 WEST HOMESTEAPA",197.88,,WILLIAM E SCHILL
Cleared,09/09/2020,"STITCH FIX STYLING 844-386-3850 CA",20.00,,JODIE M LYNN-SCHILL
Cleared,09/07/2020,"ONLINE PAYMENT, THANK YOU",,-254.00,JODIE M LYNN-SCHILL
Cleared,09/06/2020,"GOOGLE*MYTOWN INTERNET CA",3.20,,WILLIAM E SCHILL
Cleared,09/05/2020,"Prime Video*MU9H44ZZ0 888-802-3080 WA",8.47,,WILLIAM E SCHILL
Cleared,09/04/2020,"SQ *BADAMO'S PIZZA NORTHSgosq.com PA",18.98,,WILLIAM E SCHILL
Cleared,09/02/2020,"AMZN Digital*MU92W75V1 888-802-3080 WA",10.55,,WILLIAM E SCHILL
Cleared,09/01/2020,"CITY OF BRIDGES CHIROPRA 724-448-5710 PA",52.75,,WILLIAM E SCHILL
Cleared,08/31/2020,"COSTCO WHSE #0649 WEST HOMESTEAPA",13.49,,JODIE M LYNN-SCHILL
Cleared,08/31/2020,"COSTCO WHSE #0649 WEST HOMESTEAPA",111.79,,JODIE M LYNN-SCHILL
Cleared,08/30/2020,"AMAZON.COM*MU3MT2E51 AMZNAMZN.COM/BILLWA",116.59,,WILLIAM E SCHILL
Cleared,08/30/2020,"COSTCO GAS #0649 WEST HOMESTEAPA",23.54,,WILLIAM E SCHILL
Cleared,08/30/2020,"COSTCO WHSE #0649 WEST HOMESTEAPA",224.83,,WILLIAM E SCHILL
Cleared,08/30/2020,"AMZN Mktp US*MU9O760C1 Amzn.com/billWA",26.45,,WILLIAM E SCHILL
Cleared,08/29/2020,"GOOGLE *A Medium Corp 855-836-3987 CA",5.34,,WILLIAM E SCHILL
Cleared,08/29/2020,"AMZN Mktp US*MM3H21SL0 Amzn.com/billWA",26.49,,WILLIAM E SCHILL
Cleared,08/29/2020,"BEER LIME AND SUNSHINE PITTSBURGH PA",81.28,,WILLIAM E SCHILL
