Status,Date,Description,Debit,Credit,Member Name
Cleared,12/30/2020,"AMZ*Woot LLC info@woot.comTX",11.65,,WILLIAM E SCHILL
Cleared,12/29/2020,"SP * NAKED NUTRITION 8774325068 FL",73.98,,WILLIAM E SCHILL
Cleared,12/28/2020,"GOOGLE*A MEDIUM CORP INTERNET CA",5.34,,WILLIAM E SCHILL
Cleared,12/28/2020,"GOOGLE* Google Fi 650-2530000 CA",47.83,,WILLIAM E SCHILL
Cleared,12/27/2020,"NINTENDO *AMERICAUS 800-255-3700 WA",8.47,,WILLIAM E SCHILL
Cleared,12/27/2020,"ONLINE PAYMENT, THANK YOU",,-142.98,JODIE M LYNN-SCHILL
Cleared,12/26/2020,"Prime Video*A383L5EY3 888-802-3080 WA",7.41,,WILLIAM E SCHILL
Cleared,12/24/2020,"ONLINE PAYMENT, THANK YOU",,-1800.00,WILLIAM E SCHILL
Cleared,12/23/2020,"DOLLAR GENERAL #19008 PITTSBURGH PA",27.67,,WILLIAM E SCHILL
Cleared,12/22/2020,"SUBARU OF MOON TOWNSHIP MOON TOWNSHIPPA",952.77,,WILLIAM E SCHILL
Cleared,12/22/2020,"COSTCO WHSE #0649 WEST HOMESTEAPA",145.60,,JODIE M LYNN-SCHILL
Cleared,12/21/2020,"AMZN MKTP US*8Z9BK3KU3 AMAMZN.COM/BILLWA",19.07,,WILLIAM E SCHILL
Cleared,12/20/2020,"GIANT-EAGLE #6379 HOMESTEAD PA",104.89,,WILLIAM E SCHILL
Cleared,12/20/2020,"COSTCO GAS #0649 WEST HOMESTEAPA",9.97,,WILLIAM E SCHILL
Cleared,12/20/2020,"COSTCO WHSE #0649 WEST HOMESTEAPA",87.32,,WILLIAM E SCHILL
Cleared,12/19/2020,"SQ *BADAMO'S PIZZA NORTHSgosq.com PA",43.13,,WILLIAM E SCHILL
Cleared,12/19/2020,"COSTCO WHSE #0649 WEST HOMESTEAPA",77.13,,JODIE M LYNN-SCHILL
Cleared,12/18/2020,"ONLINE PAYMENT, THANK YOU",,-638.00,JODIE M LYNN-SCHILL
Cleared,12/17/2020,"GOOGLE *darken apps 855-836-3987 CA",2.66,,WILLIAM E SCHILL
Cleared,12/14/2020,"GOOGLE*GOOGLE STORAGE INTERNET CA",1.99,,WILLIAM E SCHILL
Cleared,12/11/2020,"ONLINE PAYMENT, THANK YOU",,-1000.00,WILLIAM E SCHILL
Cleared,12/11/2020,"COSTCO GAS #0649 WEST HOMESTEAPA",12.27,,WILLIAM E SCHILL
Cleared,12/11/2020,"COSTCO WHSE #0649 WEST HOMESTEAPA",253.49,,WILLIAM E SCHILL
Cleared,12/07/2020,"AMZN Mktp US*DN3OL0ZW3 Amzn.com/billWA",156.87,,WILLIAM E SCHILL
Cleared,12/06/2020,"TARGET 00012534 HOMESTEAD PA",423.21,,WILLIAM E SCHILL
Cleared,12/06/2020,"AMZN MKTP US*LQ2WP4EL3 AMAMZN.COM/BILLWA",93.37,,WILLIAM E SCHILL
Cleared,12/06/2020,"STARBUCKS 800-782-7282 800-782-7282 WA",10.00,,WILLIAM E SCHILL
Cleared,12/05/2020,"WATER - COFFEE DELIVERY 800-4928377 GA",51.89,,WILLIAM E SCHILL
Cleared,12/03/2020,"COSTCO GAS #0649 WEST HOMESTEAPA",25.30,,JODIE M LYNN-SCHILL
Cleared,12/01/2020,"412 FOOD RESCUE INC. customersuccePA",10.84,,WILLIAM E SCHILL
Cleared,12/01/2020,"CITY OF BRIDGES CHIROPRA 724-448-5710 PA",52.75,,WILLIAM E SCHILL
Cleared,11/28/2020,"GOOGLE*A MEDIUM CORP INTERNET CA",5.34,,WILLIAM E SCHILL
Cleared,11/28/2020,"GOOGLE*GOOGLE FI INTERNET CA",55.70,,WILLIAM E SCHILL
Cleared,11/28/2020,"COSTCO GAS #0332 PITTSBURGH PA",9.78,,WILLIAM E SCHILL
Cleared,11/28/2020,"COSTCO WHSE #0332 PITTSBURGH PA",325.70,,WILLIAM E SCHILL
Cleared,11/28/2020,"SILVER SHINE CAR WASH MCKEES ROCKS PA",10.00,,WILLIAM E SCHILL
Cleared,11/27/2020,"ONLINE PAYMENT, THANK YOU",,-700.00,WILLIAM E SCHILL
Cleared,11/27/2020,"AMAZON.COM*0O99L13G3 AMZNAMZN.COM/BILLWA",47.68,,WILLIAM E SCHILL
Cleared,11/25/2020,"COSTCO GAS #0649 WEST HOMESTEAPA",18.81,,JODIE M LYNN-SCHILL
Cleared,11/25/2020,"COSTCO WHSE #0649 WEST HOMESTEAPA",25.97,,JODIE M LYNN-SCHILL
Cleared,11/25/2020,"AMZN Mktp US*MW75U3VI3 Amzn.com/billWA",84.64,,WILLIAM E SCHILL
Cleared,11/24/2020,"AMZN Mktp US*5L6Y318A3 Amzn.com/billWA",16.61,,WILLIAM E SCHILL
Cleared,11/22/2020,"COSTCO WHSE #0649 WEST HOMESTEAPA",493.67,,JODIE M LYNN-SCHILL
Cleared,11/19/2020,"COSTCO GAS #0649 WEST HOMESTEAPA",10.76,,WILLIAM E SCHILL
Cleared,11/19/2020,"COSTCO WHSE #0649 WEST HOMESTEAPA",183.04,,WILLIAM E SCHILL
Cleared,11/17/2020,"Etsy.com - Multiple Shops718-8557955 NY",109.11,,WILLIAM E SCHILL
Cleared,11/14/2020,"GOOGLE*GOOGLE STORAGE INTERNET CA",1.99,,WILLIAM E SCHILL
Cleared,11/13/2020,"ONLINE PAYMENT, THANK YOU",,-500.00,WILLIAM E SCHILL
Cleared,11/13/2020,"AMAZON.COM*208GO1ZI0 AMZNAMZN.COM/BILLWA",22.70,,WILLIAM E SCHILL
Cleared,11/09/2020,"COSTCO GAS #0649 WEST HOMESTEAPA",18.05,,JODIE M LYNN-SCHILL
Cleared,11/09/2020,"COSTCO WHSE #0649 WEST HOMESTEAPA",125.31,,JODIE M LYNN-SCHILL
Cleared,11/07/2020,"WATER - COFFEE DELIVERY 800-4928377 GA",44.40,,WILLIAM E SCHILL
Cleared,11/06/2020,"TARGET 00012534 HOMESTEAD PA",135.22,,WILLIAM E SCHILL
Cleared,11/06/2020,"COSTCO GAS #0649 WEST HOMESTEAPA",16.17,,WILLIAM E SCHILL
Cleared,11/06/2020,"COSTCO WHSE #0649 WEST HOMESTEAPA",257.99,,WILLIAM E SCHILL
Cleared,11/06/2020,"WINE AND SPIRITS 0245 HOMESTEAD PA",115.54,,WILLIAM E SCHILL
Cleared,11/05/2020,"AMZN Mktp US*285ZO3H30 Amzn.com/billWA",28.86,,WILLIAM E SCHILL
Cleared,11/02/2020,"ONLINE PAYMENT, THANK YOU",,-426.56,WILLIAM E SCHILL
Cleared,11/02/2020,"PARKING IN PITTSBURGH 4 PITTSBURGH PA",3.00,,WILLIAM E SCHILL
Cleared,11/01/2020,"CITY OF BRIDGES CHIROPRA 724-448-5710 PA",52.75,,WILLIAM E SCHILL
Cleared,10/31/2020,"ONLINE PAYMENT, THANK YOU",,-720.00,JODIE M LYNN-SCHILL
Cleared,10/28/2020,"GOOGLE*A MEDIUM CORP INTERNET CA",5.34,,WILLIAM E SCHILL
Cleared,10/28/2020,"GOOGLE *Google Fi g.co/helppay#CA",66.58,,WILLIAM E SCHILL
Cleared,10/24/2020,"COSTCO WHSE #0649 WEST HOMESTEAPA",142.05,,WILLIAM E SCHILL
Cleared,10/24/2020,"SAVE-MOR BEER & POP WARE PITTSBURGH PA",10.69,,WILLIAM E SCHILL
Cleared,10/23/2020,"GUAPO PITTSBURGH PA",21.96,,WILLIAM E SCHILL
Cleared,10/23/2020,"COSTCO GAS #0649 WEST HOMESTEAPA",27.73,,JODIE M LYNN-SCHILL
Cleared,10/18/2020,"COSTCO GAS #0649 WEST HOMESTEAPA",23.82,,WILLIAM E SCHILL
Cleared,10/18/2020,"COSTCO WHSE #0649 WEST HOMESTEAPA",42.34,,WILLIAM E SCHILL
Cleared,10/18/2020,"COSTCO WHSE #0649 WEST HOMESTEAPA",94.34,,JODIE M LYNN-SCHILL
Cleared,10/17/2020,"ONLINE PAYMENT, THANK YOU",,-400.00,WILLIAM E SCHILL
Cleared,10/17/2020,"STARBUCKS 800-782-7282 800-782-7282 WA",10.00,,WILLIAM E SCHILL
Cleared,10/13/2020,"GOOGLE*GOOGLE STORAGE INTERNET CA",1.99,,WILLIAM E SCHILL
Cleared,10/13/2020,"COSTCO WHSE #0649 WEST HOMESTEAPA",,-42.78,JODIE M LYNN-SCHILL
Cleared,10/10/2020,"WATER - COFFEE DELIVERY 800-4928377 GA",36.91,,WILLIAM E SCHILL
Cleared,10/09/2020,"COSTCO WHSE #0332 PITTSBURGH PA",,-16.61,WILLIAM E SCHILL
Cleared,10/09/2020,"COSTCO WHSE #0332 PITTSBURGH PA",16.61,,WILLIAM E SCHILL
Cleared,10/09/2020,"COSTCO WHSE #0332 PITTSBURGH PA",158.30,,WILLIAM E SCHILL
Cleared,10/09/2020,"Amazon.com*MK44X0D51 Amzn.com/billWA",52.94,,WILLIAM E SCHILL
Cleared,10/05/2020,"ONLINE PAYMENT, THANK YOU",,-175.00,JODIE M LYNN-SCHILL
Cleared,10/05/2020,"COSTCO WHSE #0649 WEST HOMESTEAPA",280.75,,JODIE M LYNN-SCHILL
Cleared,10/02/2020,"ONLINE PAYMENT, THANK YOU",,-700.00,WILLIAM E SCHILL
Cleared,10/02/2020,"AMZN MKTP US*MK4BD6FH0 AMAMZN.COM/BILLWA",153.46,,WILLIAM E SCHILL
Cleared,10/01/2020,"CITY OF BRIDGES CHIROPRA 724-448-5710 PA",52.75,,WILLIAM E SCHILL
Cleared,09/29/2020,"GOOGLE *A Medium Corp 855-836-3987 CA",5.34,,WILLIAM E SCHILL
Cleared,09/28/2020,"GOOGLE*GOOGLE FI INTERNET CA",91.82,,WILLIAM E SCHILL
Cleared,09/27/2020,"TARGET 00012534 HOMESTEAD PA",21.91,,WILLIAM E SCHILL
Cleared,09/27/2020,"COSTCO GAS #0649 WEST HOMESTEAPA",10.18,,WILLIAM E SCHILL
Cleared,09/27/2020,"COSTCO WHSE #0649 WEST HOMESTEAPA",166.36,,WILLIAM E SCHILL
Cleared,09/27/2020,"COSTCO GAS #0649 WEST HOMESTEAPA",27.52,,JODIE M LYNN-SCHILL
Cleared,09/26/2020,"STITCH FIX, INC. 844-386-3850 CA",124.00,,JODIE M LYNN-SCHILL
Cleared,09/26/2020,"STITCH FIX, INC. 844-386-3850 CA",164.50,,JODIE M LYNN-SCHILL
Cleared,09/19/2020,"SUNOCO 0528273600 BELLEVUE PA",25.90,,WILLIAM E SCHILL
Cleared,09/17/2020,"AMZN Mktp US*M42JF6NY2 Amzn.com/billWA",20.30,,WILLIAM E SCHILL
Cleared,09/17/2020,"AMZN Mktp US*M47YU7G71 Amzn.com/billWA",3.61,,WILLIAM E SCHILL
Cleared,09/17/2020,"COSTCO GAS #0649 WEST HOMESTEAPA",23.99,,JODIE M LYNN-SCHILL
Cleared,09/15/2020,"AMZN Mktp US*MU89T3730 Amzn.com/billWA",37.04,,WILLIAM E SCHILL
Cleared,09/14/2020,"GOOGLE *Google Storage 855-836-3987 CA",1.99,,WILLIAM E SCHILL
Cleared,09/14/2020,"ALDI 69097 HOMESTEAD PA",53.73,,JODIE M LYNN-SCHILL
Cleared,09/13/2020,"SHEETZ 0434 00004341 BERWICK PA",31.10,,JODIE M LYNN-SCHILL
Cleared,09/12/2020,"Amazon Prime*MU2J75UA2 Amzn.com/billWA",126.14,,WILLIAM E SCHILL
Cleared,09/12/2020,"WATER - COFFEE DELIVERY 800-4928377 GA",66.87,,WILLIAM E SCHILL
Cleared,09/12/2020,"STITCH FIX STYLING 844-386-3850 CA",20.00,,JODIE M LYNN-SCHILL
Cleared,09/11/2020,"ONLINE PAYMENT, THANK YOU",,-600.00,WILLIAM E SCHILL
Cleared,09/09/2020,"EL CAMPESINO 412-7799131 PA",65.14,,WILLIAM E SCHILL
Cleared,09/09/2020,"COSTCO GAS #0649 WEST HOMESTEAPA",16.01,,WILLIAM E SCHILL
Cleared,09/09/2020,"COSTCO WHSE #0649 WEST HOMESTEAPA",197.88,,WILLIAM E SCHILL
Cleared,09/09/2020,"STITCH FIX STYLING 844-386-3850 CA",20.00,,JODIE M LYNN-SCHILL
Cleared,09/07/2020,"ONLINE PAYMENT, THANK YOU",,-254.00,JODIE M LYNN-SCHILL
Cleared,09/06/2020,"GOOGLE*MYTOWN INTERNET CA",3.20,,WILLIAM E SCHILL
Cleared,09/05/2020,"Prime Video*MU9H44ZZ0 888-802-3080 WA",8.47,,WILLIAM E SCHILL
Cleared,09/04/2020,"SQ *BADAMO'S PIZZA NORTHSgosq.com PA",18.98,,WILLIAM E SCHILL
Cleared,09/02/2020,"AMZN Digital*MU92W75V1 888-802-3080 WA",10.55,,WILLIAM E SCHILL
Cleared,09/01/2020,"CITY OF BRIDGES CHIROPRA 724-448-5710 PA",52.75,,WILLIAM E SCHILL
Cleared,08/31/2020,"COSTCO WHSE #0649 WEST HOMESTEAPA",13.49,,JODIE M LYNN-SCHILL
Cleared,08/31/2020,"COSTCO WHSE #0649 WEST HOMESTEAPA",111.79,,JODIE M LYNN-SCHILL
Cleared,08/30/2020,"AMAZON.COM*MU3MT2E51 AMZNAMZN.COM/BILLWA",116.59,,WILLIAM E SCHILL
Cleared,08/30/2020,"COSTCO GAS #0649 WEST HOMESTEAPA",23.54,,WILLIAM E SCHILL
Cleared,08/30/2020,"COSTCO WHSE #0649 WEST HOMESTEAPA",224.83,,WILLIAM E SCHILL
Cleared,08/30/2020,"AMZN Mktp US*MU9O760C1 Amzn.com/billWA",26.45,,WILLIAM E SCHILL
Cleared,08/29/2020,"GOOGLE *A Medium Corp 855-836-3987 CA",5.34,,WILLIAM E SCHILL
Cleared,08/29/2020,"AMZN Mktp US*MM3H21SL0 Amzn.com/billWA",26.49,,WILLIAM E SCHILL
Cleared,08/29/2020,"BEER LIME AND SUNSHINE PITTSBURGH PA",81.28,,WILLIAM E SCHILL
Cleared,08/28/2020,"ONLINE PAYMENT, THANK YOU",,-431.66,WILLIAM E SCHILL
Cleared,08/28/2020,"GoFndMe* Justice for JacoRedwood City CA",21.00,,WILLIAM E SCHILL
Cleared,08/28/2020,"GOOGLE* Google Fi 650-2530000 CA",70.31,,WILLIAM E SCHILL
Cleared,08/23/2020,"COSTCO WHSE #0649 WEST HOMESTEAPA",193.22,,JODIE M LYNN-SCHILL
Cleared,08/22/2020,"COSTCO GAS #0649 WEST HOMESTEAPA",28.09,,JODIE M LYNN-SCHILL
Cleared,08/21/2020,"JIFFY MINI MART # 5 SHIPPENVILLE PA",23.31,,WILLIAM E SCHILL
Cleared,08/20/2020,"THE HOUSE OF BREWS BEER DPITTSBURGH PA",18.18,,WILLIAM E SCHILL
Cleared,08/20/2020,"COSTCO WHSE #0332 PITTSBURGH PA",59.52,,WILLIAM E SCHILL
Cleared,08/16/2020,"ONLINE PAYMENT, THANK YOU",,-425.44,WILLIAM E SCHILL
Cleared,08/16/2020,"COSTCO WHSE #0332 PITTSBURGH PA",56.56,,WILLIAM E SCHILL
Cleared,08/15/2020,"WATER - COFFEE DELIVERY 800-4928377 GA",44.40,,WILLIAM E SCHILL
Cleared,08/15/2020,"Google 650-2530000 CA",1.99,,WILLIAM E SCHILL
Cleared,08/14/2020,"COSTCO WHSE #0649 WEST HOMESTEAPA",6.39,,JODIE M LYNN-SCHILL
Cleared,08/10/2020,"TARGET 00012179 PITTSBURGH PA",62.25,,WILLIAM E SCHILL
Cleared,08/10/2020,"COSTCO GAS #0332 PITTSBURGH PA",18.77,,WILLIAM E SCHILL
Cleared,08/10/2020,"COSTCO WHSE #0332 PITTSBURGH PA",166.13,,WILLIAM E SCHILL
Cleared,08/10/2020,"Prime Video*MF7DQ8Y71 888-802-3080 WA",5.82,,WILLIAM E SCHILL
Cleared,08/10/2020,"BURGATORY - NORTH SHORE 412-586-5846 PA",51.02,,WILLIAM E SCHILL
Cleared,08/03/2020,"CITY OF BRIDGES CHIROPRA 7244485710 PA",52.75,,WILLIAM E SCHILL
Cleared,08/02/2020,"COSTCO GAS #0649 WEST HOMESTEAPA",25.98,,JODIE M LYNN-SCHILL
Cleared,07/31/2020,"ONLINE PAYMENT, THANK YOU",,-482.53,WILLIAM E SCHILL
Cleared,07/31/2020,"GOMOBILEPGH 1 www.parkmobilPA",0.33,,WILLIAM E SCHILL
Cleared,07/31/2020,"AMZN Mktp US*MF8V73A01 Amzn.com/billWA",42.39,,WILLIAM E SCHILL
Cleared,07/30/2020,"AMZN Mktp US*MV0LH5UL2 Amzn.com/billWA",51.83,,WILLIAM E SCHILL
Cleared,07/30/2020,"AMZN Mktp US*MV9LG5UY2 Amzn.com/billWA",53.83,,WILLIAM E SCHILL
Cleared,07/29/2020,"Google 650-2530000 CA",5.34,,WILLIAM E SCHILL
Cleared,07/28/2020,"COSTCO GAS #0649 WEST HOMESTEAPA",18.77,,WILLIAM E SCHILL
Cleared,07/28/2020,"COSTCO WHSE #0649 WEST HOMESTEAPA",265.16,,WILLIAM E SCHILL
Cleared,07/28/2020,"GOOGLE *Google Fi g.co/helppay#CA",56.82,,WILLIAM E SCHILL
Cleared,07/27/2020,"GOMOBILEPGH 1 www.parkmobilPA",1.83,,WILLIAM E SCHILL
Cleared,07/27/2020,"ONLINE PAYMENT, THANK YOU",,-204.32,JODIE M LYNN-SCHILL
Cleared,07/26/2020,"AMZN MKTP US*MV0IL5BR2 AMAMZN.COM/BILLWA",28.95,,WILLIAM E SCHILL
Cleared,07/24/2020,"MEMBERSHIP FEE JUL 20-JUN 21",0.00,,WILLIAM E SCHILL
Cleared,07/22/2020,"AMZN Mktp US*MV9H15DO1 Amzn.com/billWA",62.54,,WILLIAM E SCHILL
Cleared,07/21/2020,"EXXONMOBIL 48230841 FRIENDSVILLE MD",26.46,,JODIE M LYNN-SCHILL
Cleared,07/19/2020,"SHEETZ 0387 00003871 CAMBRIDGE OH",11.93,,WILLIAM E SCHILL
Cleared,07/18/2020,"WATER - COFFEE DELIVERY 800-4928377 GA",59.38,,WILLIAM E SCHILL
Cleared,07/17/2020,"ONLINE PAYMENT, THANK YOU",,-673.45,WILLIAM E SCHILL
Cleared,07/17/2020,"SHEETZ 0387 00003871 CAMBRIDGE OH",16.92,,WILLIAM E SCHILL
Cleared,07/16/2020,"NORTHSIDE BEER& BEVERAGE PITTSBURGH PA",27.09,,WILLIAM E SCHILL
Cleared,07/14/2020,"GOOGLE *Google Storage 855-836-3987 CA",1.99,,WILLIAM E SCHILL
Cleared,07/13/2020,"SHEETZ 0635 00006353 STATE COLLEGEPA",11.57,,WILLIAM E SCHILL
Cleared,07/13/2020,"SHEETZ 0635 00006353 STATE COLLEGEPA",20.81,,WILLIAM E SCHILL
Cleared,07/13/2020,"Amazon.com*MV9U334C1 Amzn.com/billWA",34.99,,WILLIAM E SCHILL
Cleared,07/13/2020,"ONLINE PAYMENT, THANK YOU",,-410.00,JODIE M LYNN-SCHILL
Cleared,07/11/2020,"DUNKIN #302698 Q35 BERWICK PA",8.38,,WILLIAM E SCHILL
Cleared,07/11/2020,"COSTCO GAS #0649 WEST HOMESTEAPA",26.33,,JODIE M LYNN-SCHILL
Cleared,07/10/2020,"SHEETZ 0635 00006353 STATE COLLEGEPA",9.52,,WILLIAM E SCHILL
Cleared,07/10/2020,"SHEETZ 0635 00006353 STATE COLLEGEPA",16.69,,WILLIAM E SCHILL
Cleared,07/08/2020,"GoFndMe* Blankenship FireRedwood City CA",22.00,,WILLIAM E SCHILL
Cleared,07/08/2020,"COSTCO GAS #0649 WEST HOMESTEAPA",16.11,,WILLIAM E SCHILL
Cleared,07/08/2020,"COSTCO WHSE #0649 WEST HOMESTEAPA",153.92,,WILLIAM E SCHILL
Cleared,07/08/2020,"AMZN Mktp US*MJ9OE1SY1 Amzn.com/billWA",91.19,,WILLIAM E SCHILL
Cleared,07/06/2020,"ONLINE PAYMENT, THANK YOU",,-1000.00,WILLIAM E SCHILL
Cleared,07/02/2020,"COSTCO GAS #0649 WEST HOMESTEAPA",13.36,,JODIE M LYNN-SCHILL
Cleared,07/01/2020,"CITY OF BRIDGES CHIROPRA 724-448-5710 PA",52.75,,WILLIAM E SCHILL
Cleared,07/01/2020,"LOWES #00780* MUNHALL PA",545.60,,WILLIAM E SCHILL
Cleared,06/28/2020,"GOOGLE*A MEDIUM CORP INTERNET CA",5.34,,WILLIAM E SCHILL
Cleared,06/28/2020,"GOOGLE* Google Fi 650-2530000 CA",75.64,,WILLIAM E SCHILL
Cleared,06/27/2020,"Prime Video*MS30Y5K10 888-802-3080 WA",9.00,,WILLIAM E SCHILL
Cleared,06/26/2020,"WINE AND SPIRITS 0263 PITTSBURGH PA",53.48,,WILLIAM E SCHILL
Cleared,06/26/2020,"COSTCO WHSE #0649 WEST HOMESTEAPA",195.21,,JODIE M LYNN-SCHILL
Cleared,06/25/2020,"COSTCO GAS #0649 WEST HOMESTEAPA",20.75,,WILLIAM E SCHILL
Cleared,06/25/2020,"COSTCO WHSE #0649 WEST HOMESTEAPA",251.21,,WILLIAM E SCHILL
Cleared,06/24/2020,"THE HOME DEPOT 4136 PITTSBURGH PA",80.29,,WILLIAM E SCHILL
Cleared,06/22/2020,"EL BURRO C* EL BURRO C STRIPE.COM PA",45.74,,WILLIAM E SCHILL
Cleared,06/20/2020,"WATER - COFFEE DELIVERY 800-4928377 GA",50.69,,WILLIAM E SCHILL
Cleared,06/20/2020,"COSTCO GAS #0649 WEST HOMESTEAPA",24.52,,JODIE M LYNN-SCHILL
Cleared,06/19/2020,"ONLINE PAYMENT, THANK YOU",,-800.00,WILLIAM E SCHILL
Cleared,06/19/2020,"SQ *BADAMO'S PIZZA NORTHSgosq.com PA",20.70,,WILLIAM E SCHILL
Cleared,06/19/2020,"AMZN Mktp US*MS89Q83N2 Amzn.com/billWA",28.59,,WILLIAM E SCHILL
Cleared,06/17/2020,"GoFndMe* Buchanan-Fuller Redwood City CA",34.50,,WILLIAM E SCHILL
Cleared,06/13/2020,"GOOGLE*GOOGLE STORAGE INTERNET CA",1.99,,WILLIAM E SCHILL
Cleared,06/12/2020,"COSTCO GAS #0649 WEST HOMESTEAPA",9.68,,WILLIAM E SCHILL
Cleared,06/12/2020,"COSTCO WHSE #0649 WEST HOMESTEAPA",204.02,,WILLIAM E SCHILL
Cleared,06/12/2020,"HAPPY DAY DESSERT PITTSBURGH PA",11.36,,WILLIAM E SCHILL
Cleared,06/12/2020,"ONLINE PAYMENT, THANK YOU",,-322.00,JODIE M LYNN-SCHILL
Cleared,06/11/2020,"ONLINE PAYMENT, THANK YOU",,-1000.00,WILLIAM E SCHILL
Cleared,06/11/2020,"COSTCO WHSE #0649 WEST HOMESTEAPA",141.95,,JODIE M LYNN-SCHILL
Cleared,06/07/2020,"COUNTRY FAIR #36 SHIPPENVILLE PA",16.85,,WILLIAM E SCHILL
Cleared,06/07/2020,"COSTCO GAS #0649 WEST HOMESTEAPA",27.15,,JODIE M LYNN-SCHILL
Cleared,06/06/2020,"AMZN MKTP US*MY8EK3GH0 AMAMZN.COM/BILLWA",43.43,,WILLIAM E SCHILL
Cleared,06/03/2020,"COSTCO GAS #0649 WEST HOMESTEAPA",18.47,,WILLIAM E SCHILL
Cleared,06/02/2020,"Amazon.com*MY94W3N00 Amzn.com/billWA",25.20,,WILLIAM E SCHILL
Cleared,06/01/2020,"CITY OF BRIDGES CHIROPRA 724-448-5710 PA",52.75,,WILLIAM E SCHILL
Cleared,05/31/2020,"GOOGLE *Play g.co/helppay#CA",16.04,,WILLIAM E SCHILL
Cleared,05/30/2020,"AMZN MKTP US*M799H1YG0 AMAMZN.COM/BILLWA",15.89,,WILLIAM E SCHILL
Cleared,05/29/2020,"GOOGLE *A Medium Corp 855-836-3987 CA",5.34,,WILLIAM E SCHILL
Cleared,05/29/2020,"COSTCO WHSE #0649 WEST HOMESTEAPA",192.03,,JODIE M LYNN-SCHILL
Cleared,05/28/2020,"BP#953429836191 7-ELEVEN PITTSBURGH PA",9.00,,WILLIAM E SCHILL
Cleared,05/28/2020,"GOOGLE* Google Fi 650-2530000 CA",95.76,,WILLIAM E SCHILL
Cleared,05/28/2020,"SUBARU OF MOON TOWNSHIP MOON TOWNSHIPPA",989.19,,WILLIAM E SCHILL
Cleared,05/25/2020,"SHEETZ 0434 00004341 BERWICK PA",23.34,,JODIE M LYNN-SCHILL
Cleared,05/25/2020,"WWW.EVERYMANJACK.COM WWW.EVERYMANJCA",37.74,,WILLIAM E SCHILL
Cleared,05/24/2020,"AMZN Mktp US*M74TY3691 Amzn.com/billWA",15.08,,WILLIAM E SCHILL
Cleared,05/23/2020,"ONLINE PAYMENT, THANK YOU",,-900.00,WILLIAM E SCHILL
Cleared,05/23/2020,"DS SERVICES STANDARD COFF800-4928377 GA",43.27,,WILLIAM E SCHILL
Cleared,05/21/2020,"AMZN MKTP US*M74MG4XG1 AMAMZN.COM/BILLWA",35.99,,WILLIAM E SCHILL
Cleared,05/21/2020,"SQ *COMMONPLACE COFFEE MEgosq.com PA",2.59,,WILLIAM E SCHILL
Cleared,05/21/2020,"RITE AID STORE - 3459 PITTSBURGH PA",21.09,,WILLIAM E SCHILL
Cleared,05/21/2020,"COSTCO GAS #0649 WEST HOMESTEAPA",16.45,,JODIE M LYNN-SCHILL
Cleared,05/20/2020,"COSTCO GAS #0649 WEST HOMESTEAPA",12.09,,WILLIAM E SCHILL
Cleared,05/20/2020,"COSTCO WHSE #0649 WEST HOMESTEAPA",357.36,,WILLIAM E SCHILL
Cleared,05/20/2020,"SAVE-MOR BEER & POP WARE PITTSBURGH PA",87.70,,WILLIAM E SCHILL
Cleared,05/18/2020,"AMAZON.COM*M737S4LX0 AMZNAMZN.COM/BILLWA",12.66,,WILLIAM E SCHILL
Cleared,05/18/2020,"AMAZON.COM*M79WV3L60 AMZNAMZN.COM/BILLWA",45.54,,WILLIAM E SCHILL
Cleared,05/18/2020,"AMERICANBAR 888-473-0108 CA",123.00,,WILLIAM E SCHILL
Cleared,05/18/2020,"GET GO #3512 COLUMBUS OH",20.73,,JODIE M LYNN-SCHILL
Cleared,05/17/2020,"AMZN Mktp US*M70YX4FC1 Amzn.com/billWA",19.07,,WILLIAM E SCHILL
Cleared,05/16/2020,"SQ *COMMONPLACE COFFEE MEgosq.com PA",3.16,,WILLIAM E SCHILL
Cleared,05/16/2020,"BURGATORY - NORTH SHORE PITTSBURGH PA",7.49,,WILLIAM E SCHILL
Cleared,05/13/2020,"GOOGLE*GOOGLE STORAGE INTERNET CA",1.99,,WILLIAM E SCHILL
Cleared,05/12/2020,"AMAZON.COM*MC65A9SG1 AMZNAMZN.COM/BILLWA",23.98,,WILLIAM E SCHILL
Cleared,05/11/2020,"AMAZON.COM*MC18J0BY1 AMZNAMZN.COM/BILLWA",180.19,,WILLIAM E SCHILL
Cleared,05/11/2020,"SP * PHOTOSTAMPS 3104825800 CA",28.00,,WILLIAM E SCHILL
Cleared,05/08/2020,"ONLINE PAYMENT, THANK YOU",,-750.00,WILLIAM E SCHILL
Cleared,05/08/2020,"AMAZON.COM*KI8ZO2Z43 AMZNAMZN.COM/BILLWA",41.24,,WILLIAM E SCHILL
Cleared,05/08/2020,"SAVE-MOR BEER & POP WARE PITTSBURGH PA",32.61,,WILLIAM E SCHILL
Cleared,05/07/2020,"SQ *BADAMO'S PIZZA NORTHSgosq.com PA",18.98,,WILLIAM E SCHILL
Cleared,05/05/2020,"AMZN MKTP US*BW6RR44F3 AMAMZN.COM/BILLWA",8.47,,WILLIAM E SCHILL
Cleared,05/04/2020,"COSTCO GAS #0649 WEST HOMESTEAPA",25.80,,JODIE M LYNN-SCHILL
Cleared,05/01/2020,"AMAZON.COM*M24B265T3 AMZNAMZN.COM/BILLWA",28.49,,WILLIAM E SCHILL
Cleared,05/01/2020,"CITY OF BRIDGES CHIROPRA 724-448-5710 PA",52.75,,WILLIAM E SCHILL
Cleared,04/29/2020,"COSTCO GAS #0649 WEST HOMESTEAPA",12.45,,WILLIAM E SCHILL
Cleared,04/29/2020,"COSTCO WHSE #0649 WEST HOMESTEAPA",364.97,,WILLIAM E SCHILL
Cleared,04/29/2020,"GOOGLE *A Medium Corp 855-836-3987 CA",5.34,,WILLIAM E SCHILL
Cleared,04/28/2020,"GOOGLE*GOOGLE FI INTERNET CA",80.36,,WILLIAM E SCHILL
Cleared,04/28/2020,"ONLINE PAYMENT, THANK YOU",,-220.36,JODIE M LYNN-SCHILL
Cleared,04/27/2020,"AMAZON.COM*5A0HZ6Z73 AMZNAMZN.COM/BILLWA",10.37,,WILLIAM E SCHILL
Cleared,04/27/2020,"COSTCO WHSE #0649 WEST HOMESTEAPA",258.14,,JODIE M LYNN-SCHILL
Cleared,04/25/2020,"AMZ*Woot LLC info@woot.comTX",10.10,,WILLIAM E SCHILL
Cleared,04/25/2020,"DS SERVICES STANDARD COFF800-4928377 GA",43.33,,WILLIAM E SCHILL
Cleared,04/24/2020,"ONLINE PAYMENT, THANK YOU",,-800.00,WILLIAM E SCHILL
Cleared,04/23/2020,"Prime Video*PX1L70O33 888-802-3080 WA",9.53,,WILLIAM E SCHILL
Cleared,04/20/2020,"AMAZON.COM*0H4T50GU3 AMZNAMZN.COM/BILLWA",25.42,,WILLIAM E SCHILL
Cleared,04/15/2020,"ONLINE PAYMENT, THANK YOU",,-1500.00,WILLIAM E SCHILL
Cleared,04/14/2020,"GOOGLE *Google Storage 855-836-3987 CA",1.99,,WILLIAM E SCHILL
Cleared,04/14/2020,"AMZN Mktp US*XQ3C03P93 Amzn.com/billWA",16.95,,WILLIAM E SCHILL
Cleared,04/13/2020,"COSTCO GAS #0649 WEST HOMESTEAPA",17.52,,WILLIAM E SCHILL
Cleared,04/13/2020,"COSTCO WHSE #0649 WEST HOMESTEAPA",295.29,,WILLIAM E SCHILL
Cleared,04/12/2020,"Prime Video*0O8XM90E3 888-802-3080 WA",16.42,,WILLIAM E SCHILL
Cleared,04/11/2020,"DMI* DELL SALES & SERVIC 800-624-9897 TX",850.65,,WILLIAM E SCHILL
Cleared,04/11/2020,"LOWES #00780* MUNHALL PA",42.80,,WILLIAM E SCHILL
Cleared,04/10/2020,"TST* MINTT 412-306-1831 PA",36.29,,WILLIAM E SCHILL
Cleared,04/10/2020,"AMAZON.COM*H70G01Y43 AMZNAMZN.COM/BILLWA",15.31,,WILLIAM E SCHILL
Cleared,04/10/2020,"AMAZON.COM*3E1HY0483 AMZNAMZN.COM/BILLWA",41.24,,WILLIAM E SCHILL
Cleared,04/08/2020,"COSTCO GAS #0649 WEST HOMESTEAPA",23.14,,JODIE M LYNN-SCHILL
Cleared,04/08/2020,"COSTCO WHSE #0649 WEST HOMESTEAPA",257.81,,JODIE M LYNN-SCHILL
Cleared,04/02/2020,"SQ *CORY BRANAN gosq.com TN",8.00,,WILLIAM E SCHILL
Cleared,04/01/2020,"COSTCO WHSE #0649 WEST HOMESTEAPA",31.64,,WILLIAM E SCHILL
Cleared,04/01/2020,"COSTCO WHSE #0649 WEST HOMESTEAPA",154.78,,WILLIAM E SCHILL
Cleared,04/01/2020,"CITY OF BRIDGES CHIROPRA 724-448-5710 PA",52.75,,WILLIAM E SCHILL
Cleared,04/01/2020,"GOOGLE *Lifesum 855-836-3987 CA",35.87,,WILLIAM E SCHILL
Cleared,03/29/2020,"ONLINE PAYMENT, THANK YOU",,-656.00,JODIE M LYNN-SCHILL
Cleared,03/28/2020,"GOOGLE*A MEDIUM CORP INTERNET CA",5.34,,WILLIAM E SCHILL
Cleared,03/28/2020,"AMZN Mktp US*8V9DG04S3 Amzn.com/billWA",22.25,,WILLIAM E SCHILL
Cleared,03/28/2020,"GOOGLE *Google Fi g.co/helppay#CA",94.19,,WILLIAM E SCHILL
Cleared,03/28/2020,"DS SERVICES STANDARD COFF800-4928377 GA",50.88,,WILLIAM E SCHILL
Cleared,03/27/2020,"ONLINE PAYMENT, THANK YOU",,-800.00,WILLIAM E SCHILL
Cleared,03/27/2020,"WWW COSTCO COM 800-955-2292 WA",402.79,,JODIE M LYNN-SCHILL
Cleared,03/24/2020,"SP * RICHARD DESHANTZ HTTPSRICHARDDPA",50.00,,WILLIAM E SCHILL
Cleared,03/24/2020,"AMZN Mktp US*315MM92I3 Amzn.com/billWA",20.08,,WILLIAM E SCHILL
Cleared,03/19/2020,"CHARITY AUTH BLACKBAUD 412-622-6914 PA",,-300.00,JODIE M LYNN-SCHILL
Cleared,03/18/2020,"COSTCO GAS #0649 WEST HOMESTEAPA",14.74,,WILLIAM E SCHILL
Cleared,03/18/2020,"COSTCO WHSE #0649 WEST HOMESTEAPA",99.72,,WILLIAM E SCHILL
Cleared,03/18/2020,"COSTCO WHSE #0649 WEST HOMESTEAPA",130.08,,JODIE M LYNN-SCHILL
Cleared,03/14/2020,"SUNOCO 0364188304 CORAOPOLIS PA",27.00,,WILLIAM E SCHILL
Cleared,03/14/2020,"GOOGLE *Google Storage 855-836-3987 CA",1.99,,WILLIAM E SCHILL
Cleared,03/14/2020,"COSTCO WHSE #0649 WEST HOMESTEAPA",111.79,,JODIE M LYNN-SCHILL
Cleared,03/13/2020,"ONLINE PAYMENT, THANK YOU",,-1600.00,WILLIAM E SCHILL
Cleared,03/13/2020,"COSTCO GAS #0649 WEST HOMESTEAPA",17.98,,JODIE M LYNN-SCHILL
Cleared,03/13/2020,"COSTCO WHSE #0649 WEST HOMESTEAPA",203.68,,JODIE M LYNN-SCHILL
Cleared,03/10/2020,"TARGET 00012534 HOMESTEAD PA",58.68,,WILLIAM E SCHILL
Cleared,03/10/2020,"COSTCO WHSE #0649 WEST HOMESTEAPA",225.42,,WILLIAM E SCHILL
Cleared,03/09/2020,"GoFndMe* Help for Paul Redwood City CA",34.50,,WILLIAM E SCHILL
Cleared,03/08/2020,"SHEETZ 0387 00003871 CAMBRIDGE OH",12.37,,WILLIAM E SCHILL
Cleared,03/06/2020,"SHEETZ 0387 00003871 CAMBRIDGE OH",14.06,,WILLIAM E SCHILL
Cleared,03/06/2020,"SOUTHWES 5262179083053800-435-9792 TXNAME: LEWIS/NICOLE DEPART:06/17/2020 PIT TO BNA: WN: CLASS:S : STOP:   TO OAK: WN: CLASS:S : STOP:   TO PIT: WN: CLASS:I : STOP: ",1465.38,,WILLIAM E SCHILL
Cleared,03/06/2020,"COSTCO GAS #0649 WEST HOMESTEAPA",30.87,,JODIE M LYNN-SCHILL
Cleared,03/03/2020,"COSTCO WHSE #0649 WEST HOMESTEAPA",5.99,,WILLIAM E SCHILL
Cleared,03/03/2020,"AMZN MKTP US*KK9K01IP3 AMAMZN.COM/BILLWA",23.99,,WILLIAM E SCHILL
Cleared,03/03/2020,"AMZN MKTP US*T34UM3BB3 AMAMZN.COM/BILLWA",43.01,,WILLIAM E SCHILL
Cleared,03/03/2020,"GOMOBILEPGH 1 www.parkmobilPA",1.33,,WILLIAM E SCHILL
Cleared,03/03/2020,"AMZN Mktp US*H47S38QE3 Amzn.com/billWA",25.43,,WILLIAM E SCHILL
Cleared,03/02/2020,"COSTCO WHSE #0649 WEST HOMESTEAPA",310.84,,JODIE M LYNN-SCHILL
Cleared,03/01/2020,"CITY OF BRIDGES CHIROPRA 724-448-5710 PA",52.75,,WILLIAM E SCHILL
Cleared,03/01/2020,"STARBUCKS 800-782-7282 WA",10.00,,WILLIAM E SCHILL
Cleared,02/29/2020,"COSTCO GAS #0332 PITTSBURGH PA",10.75,,WILLIAM E SCHILL
Cleared,02/29/2020,"COSTCO WHSE #0332 PITTSBURGH PA",110.08,,WILLIAM E SCHILL
Cleared,02/29/2020,"DS SERVICES STANDARD COFF800-4928377 GA",90.96,,WILLIAM E SCHILL
Cleared,02/28/2020,"ONLINE PAYMENT, THANK YOU",,-1019.98,WILLIAM E SCHILL
Cleared,02/28/2020,"GOOGLE*A MEDIUM CORP INTERNET CA",5.34,,WILLIAM E SCHILL
Cleared,02/28/2020,"GOOGLE *Google Fi g.co/helppay#CA",105.27,,WILLIAM E SCHILL
Cleared,02/27/2020,"ONLINE PAYMENT, THANK YOU",,-528.00,JODIE M LYNN-SCHILL
Cleared,02/24/2020,"COSTCO GAS #0649 WEST HOMESTEAPA",31.43,,JODIE M LYNN-SCHILL
Cleared,02/22/2020,"COSTCO GAS #0332 PITTSBURGH PA",14.24,,WILLIAM E SCHILL
Cleared,02/22/2020,"COSTCO WHSE #0332 PITTSBURGH PA",132.95,,WILLIAM E SCHILL
Cleared,02/21/2020,"HRB ONLINE TAX PRODUCT 800-472-5625 MO",93.07,,WILLIAM E SCHILL
Cleared,02/19/2020,"MERCHANT OYSTER CO PITTSBURGH PA",128.69,,WILLIAM E SCHILL
Cleared,02/19/2020,"GOMOBILEPGH 1 www.parkmobilPA",1.83,,WILLIAM E SCHILL
Cleared,02/15/2020,"ONLINE PAYMENT, THANK YOU",,-1200.00,WILLIAM E SCHILL
Cleared,02/15/2020,"TSP*FOGODECHAOPITTSBUGH PITTSBURGH PA",241.61,,WILLIAM E SCHILL
Cleared,02/14/2020,"GOOGLE *Google Storage 855-836-3987 CA",1.99,,WILLIAM E SCHILL
Cleared,02/12/2020,"COSTCO GAS #0649 WEST HOMESTEAPA",16.14,,WILLIAM E SCHILL
Cleared,02/12/2020,"COSTCO WHSE #0649 WEST HOMESTEAPA",87.78,,WILLIAM E SCHILL
Cleared,02/09/2020,"PITTSBURGH MARATHON WE HTTPSRACEROSTMA",32.97,,WILLIAM E SCHILL
Cleared,02/08/2020,"Prime Video*9Z3ST4LZ3 888-802-3080 WA",13.77,,WILLIAM E SCHILL
Cleared,02/05/2020,"Amazon.com*8J4S52NV3 Amzn.com/billWA",32.56,,WILLIAM E SCHILL
Cleared,02/05/2020,"COSTCO GAS #0649 WEST HOMESTEAPA",32.31,,JODIE M LYNN-SCHILL
Cleared,02/04/2020,"EB SICK OF IT ALL AMP 801-413-7200 CA",90.09,,WILLIAM E SCHILL
Cleared,02/03/2020,"COSTCO WHSE #0649 WEST HOMESTEAPA",92.03,,WILLIAM E SCHILL
Cleared,02/03/2020,"Amazon web services aws.amazon.coWA",0.80,,WILLIAM E SCHILL
Cleared,02/01/2020,"DS SERVICES STANDARD COFF800-4928377 GA",66.99,,WILLIAM E SCHILL
Cleared,02/01/2020,"COSTCO WHSE #0649 WEST HOMESTEAPA",108.12,,JODIE M LYNN-SCHILL
Cleared,02/01/2020,"PHIPPS CONSERVATOR WWW.PHIPPS.COPA",300.00,,JODIE M LYNN-SCHILL
Cleared,01/31/2020,"ONLINE PAYMENT, THANK YOU",,-800.00,WILLIAM E SCHILL
Cleared,01/31/2020,"CAINS LOCAL BAR & KITCHE PITTSBURGH PA",78.00,,WILLIAM E SCHILL
Cleared,01/31/2020,"ONLINE PAYMENT, THANK YOU",,-207.54,JODIE M LYNN-SCHILL
Cleared,01/31/2020,"BURGHERS PITTSBURGH PA",44.66,,JODIE M LYNN-SCHILL
Cleared,01/30/2020,"GOOGLE *A Medium Corp 855-836-3987 CA",5.34,,WILLIAM E SCHILL
Cleared,01/29/2020,"CITY OF BRIDGES CHIROPRA 7244485710 PA",102.50,,WILLIAM E SCHILL
Cleared,01/28/2020,"BOOMERANGCOMANNUAL BOOMERANG.COMGA",39.99,,WILLIAM E SCHILL
Cleared,01/28/2020,"GOOGLE *Google Fi g.co/helppay#CA",97.59,,WILLIAM E SCHILL
Cleared,01/27/2020,"COSTCO GAS #0649 WEST HOMESTEAPA",12.96,,WILLIAM E SCHILL
Cleared,01/27/2020,"COSTCO WHSE #0649 WEST HOMESTEAPA",100.57,,WILLIAM E SCHILL
Cleared,01/27/2020,"COSTCO WHSE #0649 WEST HOMESTEAPA",123.23,,WILLIAM E SCHILL
Cleared,01/26/2020,"LYFT *RIDE SUN 10AM lyft.com CA",8.92,,WILLIAM E SCHILL
Cleared,01/26/2020,"LYFT *RIDE SAT 10PM lyft.com CA",10.34,,WILLIAM E SCHILL
Cleared,01/26/2020,"LYFT *RIDE SUN 2PM lyft.com CA",32.23,,WILLIAM E SCHILL
Cleared,01/26/2020,"TST* 10 BARREL BREWING - DENVER CO",34.08,,WILLIAM E SCHILL
Cleared,01/26/2020,"TST* MISTER OSO DENVER CO",74.48,,WILLIAM E SCHILL
Cleared,01/26/2020,"SQ *COME OUT AND PLAY, LLDENVER CO",32.00,,WILLIAM E SCHILL
Cleared,01/25/2020,"NATURAL GROCERS DT DENVER CO",27.09,,WILLIAM E SCHILL
Cleared,01/25/2020,"SQ *CREMA COFFEE HO DENVER CO",9.50,,WILLIAM E SCHILL
Cleared,01/25/2020,"COSTCO WHSE #0649 WEST HOMESTEAPA",23.27,,JODIE M LYNN-SCHILL
Cleared,01/25/2020,"COSTCO GAS #0649 WEST HOMESTEAPA",33.61,,JODIE M LYNN-SCHILL
Cleared,01/25/2020,"COSTCO WHSE #0649 WEST HOMESTEAPA",104.17,,JODIE M LYNN-SCHILL
Cleared,01/24/2020,"PHILLIPS 66 - JENNY'S MARCASTLE PINES CO",39.94,,WILLIAM E SCHILL
Cleared,01/23/2020,"COLORADO TEES COLORADO SPRICO",16.13,,WILLIAM E SCHILL
Cleared,01/23/2020,"OMLETTE PARLOR COLORADO SPRICO",91.96,,WILLIAM E SCHILL
Cleared,01/22/2020,"NEIGHBORS LIQUORS COLORADO SPRICO",36.68,,WILLIAM E SCHILL
Cleared,01/22/2020,"1-2-3 PHO ENGLEWOOD CO",52.00,,WILLIAM E SCHILL
Cleared,01/18/2020,"COSTCO GAS #0332 PITTSBURGH PA",16.91,,WILLIAM E SCHILL
Cleared,01/18/2020,"COSTCO WHSE #0332 PITTSBURGH PA",146.14,,WILLIAM E SCHILL
Cleared,01/17/2020,"ONLINE PAYMENT, THANK YOU",,-1400.00,WILLIAM E SCHILL
Cleared,01/15/2020,"SOUTHWES 5262161049645800-435-9792 TXNAME: LEWIS/NICOLE DEPART:03/26/2020 PIT TO ATL: WN: CLASS:A : STOP:   TO PIT: WN: CLASS:U : STOP: ",427.94,,WILLIAM E SCHILL
Cleared,01/14/2020,"COSTCO GAS #0649 WEST HOMESTEAPA",34.03,,JODIE M LYNN-SCHILL
Cleared,01/13/2020,"GOOGLE*GOOGLE STORAGE INTERNET CA",1.99,,WILLIAM E SCHILL
Cleared,01/13/2020,"GOMOBILEPGH 4 www.parkmobilPA",1.08,,WILLIAM E SCHILL
Cleared,01/13/2020,"YOKOSO JAPANESE STEAK HOMESTEAD PA",117.91,,WILLIAM E SCHILL
Cleared,01/13/2020,"PP*JOHNIMPAVID GLENSHAW PA",62.00,,WILLIAM E SCHILL
Cleared,01/08/2020,"AMZNFreeTime 888-802-3080 WA",,-2.25,WILLIAM E SCHILL
Cleared,01/08/2020,"QDI*QUEST DIAGNOSTICS 800-837-3177 PA",4.49,,WILLIAM E SCHILL
Cleared,01/06/2020,"COSTCO GAS #0649 WEST HOMESTEAPA",17.32,,WILLIAM E SCHILL
Cleared,01/06/2020,"COSTCO WHSE #0649 WEST HOMESTEAPA",131.34,,WILLIAM E SCHILL
Cleared,01/06/2020,"COSTCO GAS #0649 WEST HOMESTEAPA",28.50,,JODIE M LYNN-SCHILL
Cleared,01/05/2020,"COSTCO WHSE #0649 WEST HOMESTEAPA",116.48,,JODIE M LYNN-SCHILL
Cleared,01/04/2020,"DS SERVICES STANDARD COFF800-4928377 GA",93.96,,WILLIAM E SCHILL
Cleared,01/03/2020,"Amazon web services aws.amazon.coWA",1.25,,WILLIAM E SCHILL
Cleared,01/01/2020,"ONLINE PAYMENT, THANK YOU",,-119.00,JODIE M LYNN-SCHILL
Cleared,01/01/2020,"ONLINE PAYMENT, THANK YOU",,-535.00,JODIE M LYNN-SCHILL
