Status,Date,Description,Debit,Credit,Member Name
Cleared,10/27/2021,"ONLINE PAYMENT, THANK YOU",,-127.89,JODIE M LYNN-SCHILL
Cleared,10/26/2021,"COSTCO WHSE #0649 WEST HOMESTEAPA",223.49,,WILLIAM E SCHILL
Cleared,10/26/2021,"COSTCO WHSE #0649 WEST HOMESTEAPA",1.59,,WILLIAM E SCHILL
Cleared,10/24/2021,"Amazon.com*2Y42H8740 Amzn.com/billWA",58.98,,WILLIAM E SCHILL
Cleared,10/23/2021,"REVERB.COM LLC 800-3285933 IL",275.59,,WILLIAM E SCHILL
Cleared,10/22/2021,"ONLINE PAYMENT, THANK YOU",,-600.00,WILLIAM E SCHILL
Cleared,10/22/2021,"TM TICKETMASTER 800-653-8000 CA",307.59,,WILLIAM E SCHILL
Cleared,10/21/2021,"TARGET 00012179 PITTSBURGH PA",59.70,,WILLIAM E SCHILL
Cleared,10/21/2021,"COSTCO GAS #0332 PITTSBURGH PA",26.02,,WILLIAM E SCHILL
Cleared,10/19/2021,"AMZN Mktp US*2Y67160L0 Amzn.com/billWA",126.60,,WILLIAM E SCHILL
Cleared,10/19/2021,"COSTCO GAS #0649 WEST HOMESTEAPA",43.38,,JODIE M LYNN-SCHILL
Cleared,10/16/2021,"COSTCO WHSE #0649 WEST HOMESTEAPA",21.98,,WILLIAM E SCHILL
Cleared,10/16/2021,"COSTCO WHSE #0649 WEST HOMESTEAPA",63.88,,WILLIAM E SCHILL
Cleared,10/15/2021,"ONLINE PAYMENT, THANK YOU",,-1200.00,WILLIAM E SCHILL
Cleared,10/14/2021,"GOOGLE* Google Storage 650-2530000 CA",1.99,,WILLIAM E SCHILL
Cleared,10/14/2021,"CHICK-FIL-A #01477 HOMESTEAD PA",32.17,,WILLIAM E SCHILL
Cleared,10/14/2021,"MICHAELS STORES 1581 MUNHALL PA",25.90,,WILLIAM E SCHILL
Cleared,10/14/2021,"SPIRIT HALLOWEEN 60397 609-645-5619 PA",64.00,,WILLIAM E SCHILL
Cleared,10/14/2021,"COSTCO GAS #0649 WEST HOMESTEAPA",32.04,,WILLIAM E SCHILL
Cleared,10/12/2021,"WATER - COFFEE DELIVERY 800-4928377 GA",64.84,,WILLIAM E SCHILL
Cleared,10/11/2021,"NEW DIMENSION COMICS ELLWOOD CITY PA",53.48,,WILLIAM E SCHILL
Cleared,10/11/2021,"COSTCO WHSE #0649 WEST HOMESTEAPA",231.67,,WILLIAM E SCHILL
Cleared,10/10/2021,"Illy Caffe San FranciscoCA",14.15,,WILLIAM E SCHILL
Cleared,10/09/2021,"FAMOUS MARKET & DELI SAN RAFAEL CA",20.25,,WILLIAM E SCHILL
Cleared,10/09/2021,"WATER - COFFEE DELIVERY 800-4928377 GA",30.42,,WILLIAM E SCHILL
Cleared,10/08/2021,"VINEBURG DELI SONOMA CA",29.95,,WILLIAM E SCHILL
Cleared,10/07/2021,"FAMOUS MARKET & DELI SAN RAFAEL CA",51.17,,WILLIAM E SCHILL
Cleared,10/07/2021,"TST* LOLO SAN FRANCISCOCA",85.03,,WILLIAM E SCHILL
Cleared,10/07/2021,"PROOF LAB MILL VALLEY CA",64.97,,WILLIAM E SCHILL
Cleared,10/07/2021,"COSTCO GAS #0649 WEST HOMESTEAPA",39.74,,JODIE M LYNN-SCHILL
Cleared,10/06/2021,"HAWKER FARE SF SAN FRANCISCOCA",149.17,,WILLIAM E SCHILL
Cleared,10/06/2021,"UBER TRIP 8005928996 CA",5.00,,WILLIAM E SCHILL
Cleared,10/06/2021,"UBER TRIP HELP.UBER.COMCA",16.41,,WILLIAM E SCHILL
Cleared,10/06/2021,"D & M WINE & LIQUOR CO SAN FRANCISCOCA",79.29,,WILLIAM E SCHILL
Cleared,10/06/2021,"STARBUCKS 800-782-7282 800-782-7282 WA",10.00,,WILLIAM E SCHILL
Cleared,10/06/2021,"SQ *DIM SUM CORNER San FranciscoCA",22.88,,WILLIAM E SCHILL
Cleared,10/06/2021,"BOUDIN BAKERY, BAKERS SAN FRANCISCOCA",9.63,,WILLIAM E SCHILL
Cleared,10/05/2021,"PGA GATE B LAS LAS VEGAS NV",91.89,,WILLIAM E SCHILL
Cleared,10/05/2021,"THE HOLLOW COW MARKET SAN FRANCISCOCA",57.47,,WILLIAM E SCHILL
Cleared,10/04/2021,"ONLINE PAYMENT, THANK YOU",,-562.28,WILLIAM E SCHILL
Cleared,10/04/2021,"ADT SECURITY*403900682 WWW.ADT.COM FL",53.49,,WILLIAM E SCHILL
Cleared,10/03/2021,"TST* ROXIAN THEATRE - NEWMCKEES ROCKS PA",38.40,,WILLIAM E SCHILL
Cleared,10/03/2021,"LYFT RIDE SAT 5PM 855-865-9553 CA",25.19,,WILLIAM E SCHILL
Cleared,10/02/2021,"COSTCO GAS #0649 WEST HOMESTEAPA",29.61,,WILLIAM E SCHILL
Cleared,10/02/2021,"COSTCO WHSE #0649 WEST HOMESTEAPA",73.26,,WILLIAM E SCHILL
Cleared,10/02/2021,"COSTCO WHSE #0649 WEST HOMESTEAPA",222.72,,JODIE M LYNN-SCHILL
Cleared,10/01/2021,"CITY OF BRIDGES CHIROPRA 724-448-5710 PA",52.75,,WILLIAM E SCHILL
Cleared,10/01/2021,"SQ *DANCING GNOME BEER Sharpsburg PA",91.20,,WILLIAM E SCHILL
Cleared,09/30/2021,"HETRICKS SERVICE PITTSBURGH PA",71.98,,WILLIAM E SCHILL
Cleared,09/29/2021,"BROOKLINE BEER PITTSBURGH PA",79.92,,WILLIAM E SCHILL
Cleared,09/28/2021,"GOOGLE* Google Fi 650-2530000 CA",107.91,,WILLIAM E SCHILL
Cleared,09/28/2021,"GOOGLE *A Medium Corp 855-836-3987 CA",5.34,,WILLIAM E SCHILL
Cleared,09/27/2021,"COSTCO GAS #0649 WEST HOMESTEAPA",39.24,,JODIE M LYNN-SCHILL
Cleared,09/26/2021,"SHEETZ 0531 00005314 ALTOONA PA",3.78,,WILLIAM E SCHILL
Cleared,09/26/2021,"SHEETZ 0531 00005314 ALTOONA PA",16.03,,WILLIAM E SCHILL
Cleared,09/26/2021,"COSTCO WHSE #0649 WEST HOMESTEAPA",13.52,,JODIE M LYNN-SCHILL
Cleared,09/25/2021,"SEVEN POINTS GROCERY HESSTON PA",32.34,,WILLIAM E SCHILL
Cleared,09/23/2021,"SHEETZ 0498 00004986 BLAIRSVILLE PA",7.41,,WILLIAM E SCHILL
Cleared,09/23/2021,"SHEETZ 0498 00004986 BLAIRSVILLE PA",31.98,,WILLIAM E SCHILL
Cleared,09/23/2021,"BROOKLINE BEER PITTSBURGH PA",37.38,,WILLIAM E SCHILL
Cleared,09/20/2021,"ONLINE PAYMENT, THANK YOU",,-1200.00,WILLIAM E SCHILL
Cleared,09/20/2021,"NORTHSHORE GARAGE PITTSBURGH PA",9.00,,WILLIAM E SCHILL
Cleared,09/19/2021,"SCOOPS ON THE BOULEVARD PITTSBURGH PA",10.43,,WILLIAM E SCHILL
Cleared,09/19/2021,"SQ *ALLEGHENY CITY BREWINPittsburgh PA",40.25,,WILLIAM E SCHILL
Cleared,09/16/2021,"AMZN Mktp US*2G70M2NO2 Amzn.com/billWA",51.80,,WILLIAM E SCHILL
Cleared,09/15/2021,"AMZN Mktp US*2G3UB1OK2 Amzn.com/billWA",31.79,,WILLIAM E SCHILL
Cleared,09/14/2021,"GOOGLE* Google Storage 650-2530000 CA",1.99,,WILLIAM E SCHILL
Cleared,09/14/2021,"AMZN Mktp US*2G0JZ1M90 Amzn.com/billWA",190.77,,WILLIAM E SCHILL
Cleared,09/13/2021,"COSTCO GAS #0649 WEST HOMESTEAPA",39.51,,JODIE M LYNN-SCHILL
Cleared,09/12/2021,"Amazon Prime*2G7QU7P81 Amzn.com/billWA",126.14,,WILLIAM E SCHILL
Cleared,09/12/2021,"COSTCO GAS #0649 WEST HOMESTEAPA",16.07,,WILLIAM E SCHILL
Cleared,09/12/2021,"COSTCO WHSE #0649 WEST HOMESTEAPA",287.28,,WILLIAM E SCHILL
Cleared,09/11/2021,"LAS PALMAS PITTSBURGH PA",22.50,,WILLIAM E SCHILL
Cleared,09/11/2021,"WATER - COFFEE DELIVERY 800-4928377 GA",52.89,,WILLIAM E SCHILL
Cleared,09/08/2021,"ASTOR WINES & SPIRITS 212-674-7500 NY",135.51,,WILLIAM E SCHILL
Cleared,09/08/2021,"USPS CHANGE OF ADDRESS 800-238-3150 TN",1.10,,WILLIAM E SCHILL
Cleared,09/07/2021,"ONLINE PAYMENT, THANK YOU",,-900.00,WILLIAM E SCHILL
Cleared,09/07/2021,"QUEST DIAGNOSTICS 866-254-3859 PA",70.48,,WILLIAM E SCHILL
Cleared,09/07/2021,"COSTCO GAS #0649 WEST HOMESTEAPA",29.64,,WILLIAM E SCHILL
Cleared,09/06/2021,"STARBUCKS 800-782-7282 800-782-7282 WA",10.00,,WILLIAM E SCHILL
Cleared,09/05/2021,"ADTSECURITY MYADT.COM 800-238-2727 FL",50.47,,WILLIAM E SCHILL
Cleared,09/05/2021,"SQ *VOODOO HOMESTEAD Homestead PA",20.50,,WILLIAM E SCHILL
Cleared,09/04/2021,"SUNOCO 0363157905 PITTSBURGH PA",19.99,,WILLIAM E SCHILL
Cleared,09/04/2021,"COSTCO WHSE #0649 WEST HOMESTEAPA",112.79,,JODIE M LYNN-SCHILL
Cleared,09/03/2021,"TEXAS DE BRAZIL PITTSBURGPITTSBURGH PA",177.95,,WILLIAM E SCHILL
Cleared,09/03/2021,"ADTSECURITY MYADT.COM 800-238-2727 FL",105.94,,WILLIAM E SCHILL
Cleared,09/02/2021,"COSTCO GAS #0649 WEST HOMESTEAPA",38.82,,JODIE M LYNN-SCHILL
Cleared,09/01/2021,"GOMOBILEPGH 1 www.parkmobilPA",2.33,,WILLIAM E SCHILL
Cleared,09/01/2021,"CITY OF BRIDGES CHIROPRA 724-448-5710 PA",52.75,,WILLIAM E SCHILL
Cleared,08/31/2021,"AMZN MKTP US*254OU35I1 AMAMZN.COM/BILLWA",22.24,,WILLIAM E SCHILL
Cleared,08/31/2021,"GOMOBILEPGH 1 www.parkmobilPA",0.58,,WILLIAM E SCHILL
Cleared,08/30/2021,"GOOGLE *Google Fi 855-836-3987 CA",15.12,,WILLIAM E SCHILL
Cleared,08/29/2021,"TOPS MARKETS #610 BRADFORD PA",3.00,,WILLIAM E SCHILL
Cleared,08/28/2021,"WESTLINE INN INC MT JEWETT PA",98.19,,WILLIAM E SCHILL
Cleared,08/28/2021,"TST* TEXAS HOT LUNCH 4 814-837-8122 PA",39.82,,WILLIAM E SCHILL
Cleared,08/28/2021,"SHEETZ 656 00006569 KANE PA",29.85,,WILLIAM E SCHILL
Cleared,08/28/2021,"GOOGLE* Google Fi 650-2530000 CA",70.01,,WILLIAM E SCHILL
Cleared,08/28/2021,"GOOGLE *A Medium Corp g.co/helppay#CA",5.34,,WILLIAM E SCHILL
Cleared,08/28/2021,"AIRBNB HMSAAB2AER AIRBNB.COM CA",,-21.23,JODIE M LYNN-SCHILL
Cleared,08/27/2021,"TOPS MARKETS #672 KANE PA",36.31,,WILLIAM E SCHILL
Cleared,08/25/2021,"COSTCO GAS #0649 WEST HOMESTEAPA",17.82,,WILLIAM E SCHILL
Cleared,08/25/2021,"COSTCO WHSE #0649 WEST HOMESTEAPA",124.97,,WILLIAM E SCHILL
Cleared,08/25/2021,"ONLINE PAYMENT, THANK YOU",,-42.00,JODIE M LYNN-SCHILL
Cleared,08/24/2021,"Amazon.com*253RU4FX1 Amzn.com/billWA",35.86,,WILLIAM E SCHILL
Cleared,08/23/2021,"ONLINE PAYMENT, THANK YOU",,-870.48,WILLIAM E SCHILL
Cleared,08/23/2021,"SQ *SPROUT CENTER F BRENTWOOD PA",25.00,,WILLIAM E SCHILL
Cleared,08/22/2021,"SHEETZ 605 00006056 ST CLAIRSVILLOH",24.39,,WILLIAM E SCHILL
Cleared,08/20/2021,"PILOT_00006 CAMBRIDGE OH",21.49,,WILLIAM E SCHILL
Cleared,08/18/2021,"AMZN Mktp US*2D8C265W0 Amzn.com/billWA",20.13,,WILLIAM E SCHILL
Cleared,08/17/2021,"AMZN Mktp US*2D1TY2V60 Amzn.com/billWA",13.99,,WILLIAM E SCHILL
Cleared,08/15/2021,"LAS PALMAS PITTSBURGH PA",17.50,,WILLIAM E SCHILL
Cleared,08/15/2021,"VIOC 060079 PITTSBURGH PA",85.59,,WILLIAM E SCHILL
Cleared,08/15/2021,"COSTCO GAS #0332 PITTSBURGH PA",30.11,,WILLIAM E SCHILL
Cleared,08/14/2021,"SQ *BADAMO'S PIZZA gosq.com PA",41.40,,WILLIAM E SCHILL
Cleared,08/14/2021,"LOWES #00780* MUNHALL PA",354.43,,WILLIAM E SCHILL
Cleared,08/14/2021,"WATER - COFFEE DELIVERY 800-4928377 GA",60.38,,WILLIAM E SCHILL
Cleared,08/13/2021,"GOOGLE*GOOGLE STORAGE 650-2530000 CA",1.99,,WILLIAM E SCHILL
Cleared,08/13/2021,"COSTCO GAS #0649 WEST HOMESTEAPA",31.38,,JODIE M LYNN-SCHILL
Cleared,08/11/2021,"COSTCO WHSE #0649 WEST HOMESTEAPA",120.74,,WILLIAM E SCHILL
Cleared,08/09/2021,"STARBUCKS 800-782-7282 800-782-7282 WA",10.00,,WILLIAM E SCHILL
Cleared,08/08/2021,"NEW DIMENSION COMICS ELLWOOD CITY PA",26.74,,WILLIAM E SCHILL
Cleared,08/08/2021,"COSTCO GAS #0649 WEST HOMESTEAPA",30.36,,WILLIAM E SCHILL
Cleared,08/06/2021,"ONLINE PAYMENT, THANK YOU",,-818.51,WILLIAM E SCHILL
Cleared,08/06/2021,"GOMOBILEPGH 1 www.parkmobilPA",1.08,,WILLIAM E SCHILL
Cleared,08/06/2021,"SQ *BADAMO'S PIZZA gosq.com PA",23.00,,WILLIAM E SCHILL
Cleared,08/05/2021,"GOMOBILEPGH 1 www.parkmobilPA",0.58,,WILLIAM E SCHILL
Cleared,08/05/2021,"GOMOBILEPGH 1 www.parkmobilPA",1.08,,WILLIAM E SCHILL
Cleared,08/04/2021,"GOMOBILEPGH 1 www.parkmobilPA",2.33,,WILLIAM E SCHILL
Cleared,08/04/2021,"HOW LEE Z LLC PITTSBURGH PA",45.85,,WILLIAM E SCHILL
Cleared,08/04/2021,"SQ *GAMES UNLIMITED Pittsburgh PA",34.22,,WILLIAM E SCHILL
Cleared,08/03/2021,"GOMOBILEPGH 1 www.parkmobilPA",2.08,,WILLIAM E SCHILL
Cleared,08/03/2021,"SP * DUKE CANNON HTTPSDUKECANNMN",36.39,,WILLIAM E SCHILL
Cleared,08/03/2021,"COSTCO WHSE #0649 WEST HOMESTEAPA",10.69,,JODIE M LYNN-SCHILL
Cleared,08/02/2021,"ONLINE PAYMENT, THANK YOU",,-88.00,JODIE M LYNN-SCHILL
Cleared,08/01/2021,"CITY OF BRIDGES CHIROPRA 724-448-5710 PA",52.75,,WILLIAM E SCHILL
Cleared,07/31/2021,"STARBUCKS 800-782-7282 800-782-7282 WA",10.00,,WILLIAM E SCHILL
Cleared,07/31/2021,"COSTCO GAS #0649 WEST HOMESTEAPA",28.87,,WILLIAM E SCHILL
Cleared,07/31/2021,"COSTCO WHSE #0649 WEST HOMESTEAPA",210.92,,WILLIAM E SCHILL
Cleared,07/28/2021,"GOOGLE *Google Fi g.co/helppay#CA",80.04,,WILLIAM E SCHILL
Cleared,07/28/2021,"GOOGLE*A MEDIUM CORP SUPPORT.GOOGLCA",5.34,,WILLIAM E SCHILL
Cleared,07/28/2021,"COSTCO GAS #0649 WEST HOMESTEAPA",39.08,,JODIE M LYNN-SCHILL
Cleared,07/27/2021,"PATRON MEXICAN GRILL. WEXFORD PA",58.04,,WILLIAM E SCHILL
Cleared,07/26/2021,"MEMBERSHIP FEE JUL 21-JUN 22",0.00,,WILLIAM E SCHILL
Cleared,07/24/2021,"TST* CONDADO TACOS - LAWRPITTSBURGH PA",90.02,,WILLIAM E SCHILL
Cleared,07/24/2021,"SHEETZ 0299 00002998 GROVE CITY PA",30.11,,WILLIAM E SCHILL
Cleared,07/24/2021,"UBER TRIP HELP.UBER.COMCA",4.18,,WILLIAM E SCHILL
Cleared,07/24/2021,"UBER TRIP HELP.UBER.COMCA",20.93,,WILLIAM E SCHILL
Cleared,07/24/2021,"AMZN Mktp US*2E0VP5M62 Amzn.com/billWA",19.77,,WILLIAM E SCHILL
Cleared,07/23/2021,"ONLINE PAYMENT, THANK YOU",,-1000.00,WILLIAM E SCHILL
Cleared,07/19/2021,"SQ *SPROUT CENTER FOR EMOBrentwood PA",25.00,,WILLIAM E SCHILL
Cleared,07/18/2021,"COSTCO WHSE #0649 WEST HOMESTEAPA",131.32,,WILLIAM E SCHILL
Cleared,07/17/2021,"PITTSBURGH ZOO & PPG PITTSBURGH PA",50.85,,WILLIAM E SCHILL
Cleared,07/17/2021,"GOMOBILEPGH 1 www.parkmobilPA",0.25,,WILLIAM E SCHILL
Cleared,07/17/2021,"GOMOBILEPGH 1 www.parkmobilPA",0.25,,WILLIAM E SCHILL
Cleared,07/17/2021,"GOMOBILEPGH 1 www.parkmobilPA",1.83,,WILLIAM E SCHILL
Cleared,07/17/2021,"UBER TRIP HELP.UBER.COMCA",3.00,,WILLIAM E SCHILL
Cleared,07/17/2021,"UBER TRIP HELP.UBER.COMCA",18.94,,WILLIAM E SCHILL
Cleared,07/17/2021,"WATER - COFFEE DELIVERY 800-4928377 GA",59.38,,WILLIAM E SCHILL
Cleared,07/16/2021,"KARIS MANAGEMENT GROUP 704-3905225 NC",495.00,,WILLIAM E SCHILL
Cleared,07/16/2021,"GOMOBILEPGH 1 www.parkmobilPA",1.33,,WILLIAM E SCHILL
Cleared,07/16/2021,"BURGATORY - NORTH SHORE PITTSBURGH PA",55.21,,WILLIAM E SCHILL
Cleared,07/15/2021,"AMAZON.COM*2E0HH64O0 AMZNAMZN.COM/BILLWA",59.24,,WILLIAM E SCHILL
Cleared,07/15/2021,"GOMOBILEPGH 1 www.parkmobilPA",0.83,,WILLIAM E SCHILL
Cleared,07/14/2021,"GOOGLE* Google Storage 650-2530000 CA",1.99,,WILLIAM E SCHILL
Cleared,07/13/2021,"GOMOBILEPGH 1 www.parkmobilPA",0.83,,WILLIAM E SCHILL
Cleared,07/12/2021,"COSTCO GAS #0649 WEST HOMESTEAPA",42.06,,JODIE M LYNN-SCHILL
Cleared,07/11/2021,"COSTCO GAS #0649 WEST HOMESTEAPA",23.15,,WILLIAM E SCHILL
Cleared,07/11/2021,"COSTCO WHSE #0649 WEST HOMESTEAPA",131.33,,WILLIAM E SCHILL
Cleared,07/10/2021,"GOMOBILEPGH 1 www.parkmobilPA",1.58,,WILLIAM E SCHILL
Cleared,07/09/2021,"ONLINE PAYMENT, THANK YOU",,-571.87,WILLIAM E SCHILL
Cleared,07/09/2021,"SQ *BADAMO'S PIZZA gosq.com PA",20.70,,WILLIAM E SCHILL
Cleared,07/08/2021,"GOMOBILEPGH 1 www.parkmobilPA",0.83,,WILLIAM E SCHILL
Cleared,07/06/2021,"GOMOBILEPGH 1 www.parkmobilPA",0.83,,WILLIAM E SCHILL
Cleared,07/06/2021,"ONLINE PAYMENT, THANK YOU",,-430.00,JODIE M LYNN-SCHILL
Cleared,07/04/2021,"SPEEDWAY 02902 PITTSBURGHPITTSBURGH PA",30.41,,WILLIAM E SCHILL
Cleared,07/01/2021,"CITY OF BRIDGES CHIROPRA 724-448-5710 PA",52.75,,WILLIAM E SCHILL
Cleared,06/30/2021,"AMZN Mktp US*2987S2FR0 Amzn.com/billWA",59.99,,WILLIAM E SCHILL
Cleared,06/29/2021,"IN *WIN-WIN KUNG FU CULTU412-3368898 PA",90.00,,JODIE M LYNN-SCHILL
Cleared,06/28/2021,"ONLINE PAYMENT, THANK YOU",,-400.00,WILLIAM E SCHILL
Cleared,06/28/2021,"GOOGLE*A MEDIUM CORP 650-2530000 CA",5.34,,WILLIAM E SCHILL
Cleared,06/28/2021,"GOOGLE*GOOGLE FI SUPPORT.GOOGLCA",64.28,,WILLIAM E SCHILL
Cleared,06/27/2021,"SHEETZ 0439 00004390 FRANKLIN PA",23.20,,WILLIAM E SCHILL
Cleared,06/27/2021,"COSTCO WHSE #0649 WEST HOMESTEAPA",124.92,,WILLIAM E SCHILL
Cleared,06/24/2021,"WATER - COFFEE DELIVERY 800-4928377 GA",51.89,,WILLIAM E SCHILL
Cleared,06/23/2021,"SQ *CORY BRANAN Pittsburgh PA",30.00,,WILLIAM E SCHILL
Cleared,06/23/2021,"ONLINE PAYMENT, THANK YOU",,-400.00,WILLIAM E SCHILL
Cleared,06/22/2021,"MAD MEX SHADYSIDE PITTSBURGH PA",98.79,,WILLIAM E SCHILL
Cleared,06/21/2021,"SQ *SPROUT CENTER F BRENTWOOD PA",25.00,,WILLIAM E SCHILL
Cleared,06/21/2021,"AMZN Mktp US*215JC1SF1 Amzn.com/billWA",15.88,,WILLIAM E SCHILL
Cleared,06/21/2021,"COSTCO GAS #0649 WEST HOMESTEAPA",17.77,,WILLIAM E SCHILL
Cleared,06/21/2021,"COSTCO WHSE #0649 WEST HOMESTEAPA",486.83,,WILLIAM E SCHILL
Cleared,06/20/2021,"COSTCO GAS #0649 WEST HOMESTEAPA",40.17,,JODIE M LYNN-SCHILL
Cleared,06/19/2021,"BSB SOUTHSIDE2 LLC PITTSBURGH PA",82.35,,WILLIAM E SCHILL
Cleared,06/19/2021,"NINTENDO *AMERICAUS 800-255-3700 WA",34.51,,WILLIAM E SCHILL
Cleared,06/18/2021,"AMZN Mktp US*2106Y3FT2 Amzn.com/billWA",26.50,,WILLIAM E SCHILL
Cleared,06/17/2021,"COSTCO WHSE #0649 WEST HOMESTEAPA",,-427.99,WILLIAM E SCHILL
Cleared,06/17/2021,"TARGET 00012534 HOMESTEAD PA",21.39,,WILLIAM E SCHILL
Cleared,06/17/2021,"COSTCO WHSE #0649 WEST HOMESTEAPA",427.99,,WILLIAM E SCHILL
Cleared,06/15/2021,"AMZN Mktp US*2X3W86YL0 Amzn.com/billWA",66.75,,WILLIAM E SCHILL
Cleared,06/13/2021,"ONLINE PAYMENT, THANK YOU",,-500.00,WILLIAM E SCHILL
Cleared,06/13/2021,"GOOGLE*GOOGLE STORAGE SUPPORT.GOOGLCA",1.99,,WILLIAM E SCHILL
Cleared,06/13/2021,"COSTCO GAS #0649 WEST HOMESTEAPA",16.07,,WILLIAM E SCHILL
Cleared,06/13/2021,"COSTCO WHSE #0649 WEST HOMESTEAPA",160.52,,WILLIAM E SCHILL
Cleared,06/12/2021,"AMZN Mktp US*210VZ5Z41 Amzn.com/billWA",20.03,,WILLIAM E SCHILL
Cleared,06/11/2021,"PILOT_00001 MILL HALL PA",23.22,,JODIE M LYNN-SCHILL
Cleared,06/10/2021,"COSTCO GAS #0649 WEST HOMESTEAPA",28.38,,WILLIAM E SCHILL
Cleared,06/08/2021,"GOMOBILEPGH 1 www.parkmobilPA",0.83,,WILLIAM E SCHILL
Cleared,06/05/2021,"WINE AND SPIRITS 0263 PITTSBURGH PA",42.78,,WILLIAM E SCHILL
Cleared,06/05/2021,"COSTCO GAS #0649 WEST HOMESTEAPA",32.24,,JODIE M LYNN-SCHILL
Cleared,06/04/2021,"SHAKA RESTAURANT LLC PITTSBURGH PA",18.30,,WILLIAM E SCHILL
Cleared,06/03/2021,"IN *WIN-WIN KUNG FU CULTU412-3368898 PA",90.00,,JODIE M LYNN-SCHILL
Cleared,06/01/2021,"AMZN MKTP US*2R5AQ2K22 AMAMZN.COM/BILLWA",10.59,,WILLIAM E SCHILL
Cleared,06/01/2021,"CITY OF BRIDGES CHIROPRA 724-448-5710 PA",52.75,,WILLIAM E SCHILL
Cleared,06/01/2021,"COSTCO WHSE #0649 WEST HOMESTEAPA",174.17,,WILLIAM E SCHILL
Cleared,05/31/2021,"SPEEDWAY 02902 PITTSBURGHPITTSBURGH PA",33.76,,WILLIAM E SCHILL
Cleared,05/31/2021,"AMAZON.COM*2R9YE19B0 AMZNAMZN.COM/BILLWA",32.99,,WILLIAM E SCHILL
Cleared,05/31/2021,"ONLINE PAYMENT, THANK YOU",,-193.31,JODIE M LYNN-SCHILL
Cleared,05/29/2021,"Kindle Svcs*2R1536SM0 866-321-8851 WA",5.25,,WILLIAM E SCHILL
Cleared,05/28/2021,"ONLINE PAYMENT, THANK YOU",,-500.00,WILLIAM E SCHILL
Cleared,05/28/2021,"GOOGLE* A Medium Corp 650-2530000 CA",5.34,,WILLIAM E SCHILL
Cleared,05/28/2021,"GOOGLE*GOOGLE FI SUPPORT.GOOGLCA",63.68,,WILLIAM E SCHILL
Cleared,05/28/2021,"COSTCO GAS #0649 WEST HOMESTEAPA",39.43,,JODIE M LYNN-SCHILL
Cleared,05/24/2021,"SQ *SPROUT CENTER F BRENTWOOD PA",25.00,,WILLIAM E SCHILL
Cleared,05/24/2021,"NORTHSHORE GARAGE PITTSBURGH PA",9.00,,WILLIAM E SCHILL
Cleared,05/24/2021,"COSTCO WHSE #0649 WEST HOMESTEAPA",4.80,,JODIE M LYNN-SCHILL
Cleared,05/24/2021,"COSTCO WHSE #0649 WEST HOMESTEAPA",112.79,,JODIE M LYNN-SCHILL
Cleared,05/23/2021,"STARBUCKS 800-782-7282 800-782-7282 WA",10.00,,WILLIAM E SCHILL
Cleared,05/22/2021,"SP * EC COLLECTIBLES P 172-47137315 PA",32.10,,WILLIAM E SCHILL
Cleared,05/22/2021,"WATER - COFFEE DELIVERY 800-4928377 GA",74.36,,WILLIAM E SCHILL
Cleared,05/22/2021,"COSTCO GAS #0649 WEST HOMESTEAPA",18.13,,WILLIAM E SCHILL
Cleared,05/22/2021,"COSTCO WHSE #0649 WEST HOMESTEAPA",100.06,,WILLIAM E SCHILL
Cleared,05/17/2021,"AMZN Mktp US*2R6XX2N01 Amzn.com/billWA",7.78,,WILLIAM E SCHILL
Cleared,05/16/2021,"AMZN MKTP US*2R1LL7Z91 AMAMZN.COM/BILLWA",55.62,,WILLIAM E SCHILL
Cleared,05/16/2021,"COSTCO WHSE #0649 WEST HOMESTEAPA",70.93,,WILLIAM E SCHILL
Cleared,05/15/2021,"GOMOBILEPGH 4 www.parkmobilPA",0.33,,WILLIAM E SCHILL
Cleared,05/15/2021,"GOMOBILEPGH 1 www.parkmobilPA",1.58,,WILLIAM E SCHILL
Cleared,05/15/2021,"COSTCO GAS #0649 WEST HOMESTEAPA",29.37,,JODIE M LYNN-SCHILL
Cleared,05/14/2021,"ONLINE PAYMENT, THANK YOU",,-761.13,WILLIAM E SCHILL
Cleared,05/14/2021,"SUNOCO 8000040302 PITTSBURGH PA",32.47,,WILLIAM E SCHILL
Cleared,05/14/2021,"SOUTHWES 5262386555984800-435-9792 TXNAME: LEWIS/NICOLE DEPART:10/05/2021 PIT TO MDW: WN: CLASS:E : STOP:   TO SFO: WN: CLASS:E : STOP:   TO DEN: WN: CLASS:H : STOP:   TO PIT: WN: CLASS:H : STOP: ",107.00,,WILLIAM E SCHILL
Cleared,05/13/2021,"GOOGLE*GOOGLE STORAGE SUPPORT.GOOGLCA",1.99,,WILLIAM E SCHILL
Cleared,05/12/2021,"BURGATORY - NORTH SHORE PITTSBURGH PA",46.31,,WILLIAM E SCHILL
Cleared,05/11/2021,"GOMOBILEPGH 1 www.parkmobilPA",1.08,,WILLIAM E SCHILL
Cleared,05/06/2021,"LOWES #00780* MUNHALL PA",29.46,,WILLIAM E SCHILL
Cleared,05/06/2021,"COSTCO GAS #0649 WEST HOMESTEAPA",14.38,,WILLIAM E SCHILL
Cleared,05/06/2021,"COSTCO WHSE #0649 WEST HOMESTEAPA",157.83,,WILLIAM E SCHILL
Cleared,05/03/2021,"PA DRIVER & VEHICLE SERV 717-412-5300 PA",86.00,,WILLIAM E SCHILL
Cleared,05/02/2021,"ATTIC RECORD STORE PITTSBURGH PA",22.00,,WILLIAM E SCHILL
Cleared,05/01/2021,"CITY OF BRIDGES CHIROPRA 724-448-5710 PA",52.75,,WILLIAM E SCHILL
Cleared,05/01/2021,"SQ *ALLEGHENY CITY BREWINPittsburgh PA",21.31,,WILLIAM E SCHILL
Cleared,05/01/2021,"IN *WIN-WIN KUNG FU CULTU724-7990111 PA",140.00,,JODIE M LYNN-SCHILL
Cleared,05/01/2021,"COSTCO GAS #0649 WEST HOMESTEAPA",31.85,,JODIE M LYNN-SCHILL
Cleared,05/01/2021,"COSTCO WHSE #0649 WEST HOMESTEAPA",103.83,,JODIE M LYNN-SCHILL
Cleared,04/30/2021,"ONLINE PAYMENT, THANK YOU",,-330.20,WILLIAM E SCHILL
Cleared,04/30/2021,"SQ *BADAMO'S PIZZA NORTHSPittsburgh PA",24.61,,WILLIAM E SCHILL
Cleared,04/29/2021,"GOOGLE* A Medium Corp 650-2530000 CA",5.34,,WILLIAM E SCHILL
Cleared,04/29/2021,"GOMOBILEPGH 1 www.parkmobilPA",0.83,,WILLIAM E SCHILL
Cleared,04/29/2021,"COSTCO WHSE #0649 WEST HOMESTEAPA",6.40,,JODIE M LYNN-SCHILL
Cleared,04/29/2021,"COSTCO WHSE #0649 WEST HOMESTEAPA",22.49,,JODIE M LYNN-SCHILL
Cleared,04/28/2021,"GOOGLE*GOOGLE FI SUPPORT.GOOGLCA",60.98,,WILLIAM E SCHILL
Cleared,04/27/2021,"GOMOBILEPGH 1 www.parkmobilPA",1.08,,WILLIAM E SCHILL
Cleared,04/27/2021,"COSTCO GAS #0649 WEST HOMESTEAPA",31.07,,WILLIAM E SCHILL
Cleared,04/27/2021,"COSTCO WHSE #0649 WEST HOMESTEAPA",129.49,,WILLIAM E SCHILL
Cleared,04/27/2021,"ONLINE PAYMENT, THANK YOU",,-925.00,JODIE M LYNN-SCHILL
Cleared,04/26/2021,"SQ *SPROUT CENTER F BRENTWOOD PA",25.00,,WILLIAM E SCHILL
Cleared,04/26/2021,"ONLINE PAYMENT, THANK YOU",,-440.00,WILLIAM E SCHILL
Cleared,04/24/2021,"GUAPO PITTSBURGH PA",60.69,,WILLIAM E SCHILL
Cleared,04/24/2021,"WATER - COFFEE DELIVERY 800-4928377 GA",59.38,,WILLIAM E SCHILL
Cleared,04/21/2021,"SQ *SPROUT CENTER F 877-417-4551 PA",25.00,,WILLIAM E SCHILL
Cleared,04/20/2021,"VIOC 060069 PITTSBURGH PA",114.46,,WILLIAM E SCHILL
Cleared,04/17/2021,"GOMOBILEPGH 1 www.parkmobilPA",1.58,,WILLIAM E SCHILL
Cleared,04/17/2021,"COSTCO GAS #0649 WEST HOMESTEAPA",23.58,,WILLIAM E SCHILL
Cleared,04/17/2021,"COSTCO WHSE #0649 WEST HOMESTEAPA",194.87,,WILLIAM E SCHILL
Cleared,04/16/2021,"ONLINE PAYMENT, THANK YOU",,-483.80,WILLIAM E SCHILL
Cleared,04/16/2021,"GoFndMe* The Daunte WrighRedwood City CA",22.50,,WILLIAM E SCHILL
Cleared,04/15/2021,"GOMOBILEPGH 1 www.parkmobilPA",1.08,,WILLIAM E SCHILL
Cleared,04/15/2021,"AIRBNB HMSAAB2AER AIRBNB.COM CA PHONE NUMBER:  FOLIO NUMBER:  ARRIVE:  DEPART:",203.27,,JODIE M LYNN-SCHILL
Cleared,04/15/2021,"AIRBNB HMFNEXPBFS AIRBNB.COM CA PHONE NUMBER:  FOLIO NUMBER:  ARRIVE:  DEPART:",595.83,,JODIE M LYNN-SCHILL
Cleared,04/14/2021,"IRON CITY BOULDERS PITTSBURGH PA",140.00,,WILLIAM E SCHILL
Cleared,04/14/2021,"GOOGLE* Google Storage 650-2530000 CA",1.99,,WILLIAM E SCHILL
Cleared,04/13/2021,"GOMOBILEPGH 1 www.parkmobilPA",1.08,,WILLIAM E SCHILL
Cleared,04/11/2021,"TST* WILDERNESS LODGE MILROY PA",120.87,,WILLIAM E SCHILL
Cleared,04/11/2021,"SHEETZ 0635 00006353 STATE COLLEGEPA",17.20,,WILLIAM E SCHILL
Cleared,04/09/2021,"SHEETZ 0531 00005314 ALTOONA PA",6.22,,WILLIAM E SCHILL
Cleared,04/09/2021,"SHEETZ 0531 00005314 ALTOONA PA",29.15,,WILLIAM E SCHILL
Cleared,04/09/2021,"AMZN Mktp US*D614S21C3 Amzn.com/billWA",10.59,,WILLIAM E SCHILL
Cleared,04/09/2021,"COSTCO GAS #0649 WEST HOMESTEAPA",34.87,,JODIE M LYNN-SCHILL
Cleared,04/08/2021,"SHAKA RESTAURANT LLC PITTSBURGH PA",22.86,,WILLIAM E SCHILL
Cleared,04/08/2021,"FEDERAL GALLEY PITTSBURGH PA",44.99,,WILLIAM E SCHILL
Cleared,04/07/2021,"ONLINE PAYMENT, THANK YOU",,-140.00,JODIE M LYNN-SCHILL
Cleared,04/06/2021,"WM SUPERCENTER #1739 WASHINGTON PA",16.31,,WILLIAM E SCHILL
Cleared,04/05/2021,"SAVE-MOR BEER & POP WA 412-4218550 PA",45.98,,WILLIAM E SCHILL
Cleared,04/05/2021,"COSTCO WHSE #0649 WEST HOMESTEAPA",200.44,,WILLIAM E SCHILL
Cleared,04/03/2021,"SHEETZ 0379 00003798 MOON TOWNSHIPPA",32.20,,WILLIAM E SCHILL
Cleared,04/03/2021,"GOMOBILEPGH 1 www.parkmobilPA",1.58,,WILLIAM E SCHILL
Cleared,04/02/2021,"ONLINE PAYMENT, THANK YOU",,-669.60,WILLIAM E SCHILL
Cleared,04/02/2021,"EB SICK OF IT ALL AMP 801-413-7200 CA",,-90.09,WILLIAM E SCHILL
Cleared,04/02/2021,"GoFndMe* Help Lady and heRedwood City CA",22.50,,WILLIAM E SCHILL
Cleared,04/01/2021,"GOMOBILEPGH 1 www.parkmobilPA",1.08,,WILLIAM E SCHILL
Cleared,04/01/2021,"CITY OF BRIDGES CHIROPRA 724-448-5710 PA",52.75,,WILLIAM E SCHILL
Cleared,03/31/2021,"GOMOBILEPGH 4 www.parkmobilPA",0.25,,WILLIAM E SCHILL
Cleared,03/31/2021,"GOMOBILEPGH 4 www.parkmobilPA",0.33,,WILLIAM E SCHILL
Cleared,03/31/2021,"GOMOBILEPGH 4 www.parkmobilPA",0.58,,WILLIAM E SCHILL
Cleared,03/31/2021,"AMZN Mktp US*OL78G0KW3 Amzn.com/billWA",21.63,,WILLIAM E SCHILL
Cleared,03/31/2021,"GOOGLE*LIFESUM 650-2530000 CA",51.23,,WILLIAM E SCHILL
Cleared,03/30/2021,"GOMOBILEPGH 1 www.parkmobilPA",1.33,,WILLIAM E SCHILL
Cleared,03/28/2021,"GOOGLE *A Medium Corp 855-836-3987 CA",5.34,,WILLIAM E SCHILL
Cleared,03/28/2021,"GOOGLE*GOOGLE FI SUPPORT.GOOGLCA",46.99,,WILLIAM E SCHILL
Cleared,03/27/2021,"SHAKA RESTAURANT LLC PITTSBURGH PA",21.96,,WILLIAM E SCHILL
Cleared,03/27/2021,"GUAPO PITTSBURGH PA",23.18,,WILLIAM E SCHILL
Cleared,03/27/2021,"WATER - COFFEE DELIVERY 800-4928377 GA",44.40,,WILLIAM E SCHILL
Cleared,03/25/2021,"IN *WIN-WIN KUNG FU CULTU724-7990111 PA",180.00,,JODIE M LYNN-SCHILL
Cleared,03/23/2021,"IRON CITY BOULDERS PITTSBURGH PA",22.35,,WILLIAM E SCHILL
Cleared,03/22/2021,"ONLINE PAYMENT, THANK YOU",,-609.78,WILLIAM E SCHILL
Cleared,03/22/2021,"LOWES #00780* MUNHALL PA",41.95,,WILLIAM E SCHILL
Cleared,03/22/2021,"COSTCO GAS #0649 WEST HOMESTEAPA",15.21,,WILLIAM E SCHILL
Cleared,03/22/2021,"COSTCO WHSE #0649 WEST HOMESTEAPA",128.90,,WILLIAM E SCHILL
Cleared,03/21/2021,"TST* FUNK BREWING - EMMAUEMMAUS PA",60.00,,WILLIAM E SCHILL
Cleared,03/21/2021,"SHEETZ 0635 00006353 STATE COLLEGEPA",30.68,,WILLIAM E SCHILL
Cleared,03/19/2021,"SHEETZ 0531 00005314 ALTOONA PA",4.23,,WILLIAM E SCHILL
Cleared,03/19/2021,"SHEETZ 0531 00005314 ALTOONA PA",20.29,,WILLIAM E SCHILL
Cleared,03/14/2021,"GOOGLE *Google Storage 855-836-3987 CA",1.99,,WILLIAM E SCHILL
Cleared,03/14/2021,"COSTCO WHSE #0649 WEST HOMESTEAPA",3.20,,JODIE M LYNN-SCHILL
Cleared,03/14/2021,"COSTCO GAS #0649 WEST HOMESTEAPA",29.28,,JODIE M LYNN-SCHILL
Cleared,03/14/2021,"COSTCO WHSE #0649 WEST HOMESTEAPA",105.60,,JODIE M LYNN-SCHILL
Cleared,03/13/2021,"FAT HEADS SALOON PITTSBURGH PA",33.51,,WILLIAM E SCHILL
Cleared,03/13/2021,"0900 BEEFJERKYOUTLET WASHINGTON PA",17.99,,WILLIAM E SCHILL
Cleared,03/13/2021,"SQ *SPROUT CENTER FOR EMOPittsburgh PA",25.00,,WILLIAM E SCHILL
Cleared,03/13/2021,"SQ *ACROSPIRE BREWING COMGlenshaw PA",114.00,,WILLIAM E SCHILL
Cleared,03/10/2021,"FEDERAL GALLEY PITTSBURGH PA",30.00,,WILLIAM E SCHILL
Cleared,03/08/2021,"ONLINE PAYMENT, THANK YOU",,-585.44,WILLIAM E SCHILL
Cleared,03/08/2021,"COSTCO GAS #0649 WEST HOMESTEAPA",15.99,,WILLIAM E SCHILL
Cleared,03/08/2021,"COSTCO WHSE #0649 WEST HOMESTEAPA",192.56,,WILLIAM E SCHILL
Cleared,03/07/2021,"SHEETZ 0387 00003871 CAMBRIDGE OH",18.87,,WILLIAM E SCHILL
Cleared,03/04/2021,"SHEETZ 0387 00003871 CAMBRIDGE OH",4.29,,WILLIAM E SCHILL
Cleared,03/04/2021,"SHEETZ 0387 00003871 CAMBRIDGE OH",17.50,,WILLIAM E SCHILL
Cleared,03/01/2021,"CITY OF BRIDGES CHIROPRA 724-448-5710 PA",52.75,,WILLIAM E SCHILL
Cleared,02/28/2021,"GOOGLE*GOOGLE FI INTERNET CA",44.59,,WILLIAM E SCHILL
Cleared,02/28/2021,"MERCHANT OYSTER CO PITTSBURGH PA",74.00,,WILLIAM E SCHILL
Cleared,02/28/2021,"GOOGLE *A Medium Corp 855-836-3987 CA",5.34,,WILLIAM E SCHILL
Cleared,02/28/2021,"ONLINE PAYMENT, THANK YOU",,-35.00,JODIE M LYNN-SCHILL
Cleared,02/27/2021,"KUHN'S BELLEVUE PITTSBURGH PA",53.83,,WILLIAM E SCHILL
Cleared,02/27/2021,"WATER - COFFEE DELIVERY 800-4928377 GA",44.40,,WILLIAM E SCHILL
Cleared,02/23/2021,"HRB ONLINE TAX PRODUCT 800-472-5625 MO",93.07,,WILLIAM E SCHILL
Cleared,02/21/2021,"COSTCO GAS #0649 WEST HOMESTEAPA",24.67,,WILLIAM E SCHILL
Cleared,02/21/2021,"COSTCO WHSE #0649 WEST HOMESTEAPA",135.88,,WILLIAM E SCHILL
Cleared,02/20/2021,"SQ *SPROUT CENTER FOR EMOPittsburgh PA",25.00,,WILLIAM E SCHILL
Cleared,02/20/2021,"SAUCE POT. CORAOPOLIS PA",66.91,,WILLIAM E SCHILL
Cleared,02/19/2021,"ONLINE PAYMENT, THANK YOU",,-364.18,WILLIAM E SCHILL
Cleared,02/16/2021,"BM MANDARIN GOURMET 630-776-3590 IL",45.02,,WILLIAM E SCHILL
Cleared,02/14/2021,"COSTCO GAS #0649 WEST HOMESTEAPA",33.25,,JODIE M LYNN-SCHILL
Cleared,02/13/2021,"GOOGLE*GOOGLE STORAGE INTERNET CA",1.99,,WILLIAM E SCHILL
Cleared,02/13/2021,"MARKET DISTRICT #0047 PITTSBURGH PA",86.36,,WILLIAM E SCHILL
Cleared,02/10/2021,"ONLINE PAYMENT, THANK YOU",,-240.00,JODIE M LYNN-SCHILL
Cleared,02/07/2021,"COSTCO GAS #0649 WEST HOMESTEAPA",19.31,,WILLIAM E SCHILL
Cleared,02/07/2021,"COSTCO WHSE #0649 WEST HOMESTEAPA",249.06,,WILLIAM E SCHILL
Cleared,02/06/2021,"SQ *SPROUT CENTER FOR EMOPittsburgh PA",25.00,,WILLIAM E SCHILL
Cleared,02/05/2021,"ONLINE PAYMENT, THANK YOU",,-458.75,WILLIAM E SCHILL
Cleared,02/05/2021,"MAGIC ICE USA INC 412-394-3641 PA",51.50,,WILLIAM E SCHILL
Cleared,02/04/2021,"BLUE DUST HOMESTEAD PA",92.69,,WILLIAM E SCHILL
Cleared,02/01/2021,"CITY OF BRIDGES CHIROPRA 724-448-5710 PA",52.75,,WILLIAM E SCHILL
Cleared,01/30/2021,"WATER - COFFEE DELIVERY 800-4928377 GA",44.40,,WILLIAM E SCHILL
Cleared,01/29/2021,"GOOGLE *A Medium Corp 855-836-3987 CA",5.34,,WILLIAM E SCHILL
Cleared,01/28/2021,"GOOGLE* Google Fi 650-2530000 CA",51.20,,WILLIAM E SCHILL
Cleared,01/28/2021,"BOOMERANGCOMANNUAL BOOMERANG.COMGA",39.99,,WILLIAM E SCHILL
Cleared,01/25/2021,"ONLINE PAYMENT, THANK YOU",,-654.97,WILLIAM E SCHILL
Cleared,01/24/2021,"COSTCO GAS #0649 WEST HOMESTEAPA",20.36,,WILLIAM E SCHILL
Cleared,01/24/2021,"COSTCO WHSE #0649 WEST HOMESTEAPA",178.00,,WILLIAM E SCHILL
Cleared,01/24/2021,"SAVE-MOR BEER & POP WA 412-4218550 PA",41.71,,WILLIAM E SCHILL
Cleared,01/23/2021,"SQ *SPROUT CENTER FOR EMOPittsburgh PA",25.00,,WILLIAM E SCHILL
Cleared,01/20/2021,"ONLINE PAYMENT, THANK YOU",,-1000.00,WILLIAM E SCHILL
Cleared,01/20/2021,"CITY OF BRIDGES CHIROPRA 7244485710 PA",5.00,,WILLIAM E SCHILL
Cleared,01/19/2021,"BLUE DUST HOMESTEAD PA",17.49,,JODIE M LYNN-SCHILL
Cleared,01/18/2021,"COUNTRY FAIR, INC. #69 KANE PA",27.96,,WILLIAM E SCHILL
Cleared,01/16/2021,"TOPS MARKETS #672 KANE PA",121.24,,WILLIAM E SCHILL
Cleared,01/16/2021,"SUNOCO 0457555101 PITTSBURGH PA",33.45,,JODIE M LYNN-SCHILL
Cleared,01/14/2021,"KANE BEER KANE PA",22.00,,WILLIAM E SCHILL
Cleared,01/14/2021,"GOOGLE *Google Storage 855-836-3987 CA",1.99,,WILLIAM E SCHILL
Cleared,01/12/2021,"N STUFF RETAIL PITTSBURGH PA",720.18,,WILLIAM E SCHILL
Cleared,01/12/2021,"COSTCO GAS #0649 WEST HOMESTEAPA",13.64,,WILLIAM E SCHILL
Cleared,01/12/2021,"COSTCO WHSE #0649 WEST HOMESTEAPA",129.55,,WILLIAM E SCHILL
Cleared,01/11/2021,"SAVE-MOR BEER & POP WA 412-4218550 PA",16.04,,WILLIAM E SCHILL
Cleared,01/11/2021,"AMZN Mktp US*PX31N1D13 Amzn.com/billWA",20.13,,WILLIAM E SCHILL
Cleared,01/09/2021,"AMZN Mktp US*AA0TH3NP3 Amzn.com/billWA",20.13,,WILLIAM E SCHILL
Cleared,01/05/2021,"AMZN Mktp US*096ZC42X3 Amzn.com/billWA",26.49,,WILLIAM E SCHILL
Cleared,01/05/2021,"COSTCO WHSE #0649 WEST HOMESTEAPA",111.79,,JODIE M LYNN-SCHILL
Cleared,01/03/2021,"COSTCO WHSE #0649 WEST HOMESTEAPA",76.06,,JODIE M LYNN-SCHILL
Cleared,01/02/2021,"COSTCO GAS #0649 WEST HOMESTEAPA",25.02,,WILLIAM E SCHILL
Cleared,01/02/2021,"WATER - COFFEE DELIVERY 800-4928377 GA",59.38,,WILLIAM E SCHILL
Cleared,01/01/2021,"CITY OF BRIDGES CHIROPRA 724-448-5710 PA",52.75,,WILLIAM E SCHILL
